order_id,arrival_time,waiting_time,service_time,finish_time,scenario_label
1,2.2788535969157673,0.0,4.3751465918455965,6.654000188761364,A_Baseline
2,3.3288751073611014,0.0,6.682356070820062,10.011231178181163,A_Baseline
3,4.775296583658747,0.0,7.460897838524227,12.236194422182974,A_Baseline
4,7.128695558504569,0.0,5.109609098426352,12.238304656930922,A_Baseline
5,8.302573223763401,1.7086579544177614,5.526776440516812,15.538007618697975,A_Baseline
7,10.79944361224675,1.438861044684172,5.724707403016083,17.963012059947005,A_Baseline
6,9.362167662639543,2.8740267595434315,6.249422188897616,18.48561661108059,A_Baseline
8,11.852515551614477,3.685492067083498,7.047152283389133,22.585159902087106,A_Baseline
10,14.691072097069167,3.794544514011424,4.70125258258996,23.18686919367055,A_Baseline
9,13.250190852987775,4.71282120695923,6.490696974941134,24.45370903488814,A_Baseline
12,17.882600984177106,5.3042682094934435,3.4637292169007394,26.650598410571288,A_Baseline
11,16.869603464820983,5.715556437266123,4.682972725563134,27.26813262765024,A_Baseline
13,20.494239487842723,3.9594695470454155,3.48358188416732,27.937290919055457,A_Baseline
14,21.805198487466285,4.845399923105003,6.018630156834456,32.669228567405746,A_Baseline
16,27.414613364574766,0.5226775544806905,5.681140457273504,33.61843137632896,A_Baseline
15,24.719624631879846,2.548507995770393,7.035641366371901,34.30377399402214,A_Baseline
17,29.8740769379624,2.795151629443346,4.892671886041768,37.561900453447514,A_Baseline
18,32.820308465921144,0.7981229104078125,7.1470233212649745,40.76545469759393,A_Baseline
19,34.924389728467595,0.0,7.308534501553886,42.23292423002148,A_Baseline
20,37.16142923319609,0.40047122025142556,6.522859181074617,44.08475963452213,A_Baseline
21,39.31613352370961,1.4493211738843215,4.446939818010536,45.212394515604466,A_Baseline
22,40.407782291020936,1.8251419390005452,4.163954431805151,46.396878661826634,A_Baseline
23,41.86357884232403,2.2211807921980977,4.38986801555046,48.47462765007259,A_Baseline
24,43.023162796171285,2.189231719433181,4.824160894850421,50.03655541045489,A_Baseline
25,44.22516565499074,2.171713006835894,4.850904835584413,51.24778349741105,A_Baseline
28,49.44950424916074,1.79827924825031,3.855693240990485,55.10347673840153,A_Baseline
27,47.91554860506251,2.1210068053923763,6.0456550283349415,56.08221043878983,A_Baseline
26,46.49653454351954,1.9780931065530538,7.68327293856247,56.15790058863506,A_Baseline
29,51.74557501965393,3.3579017187476055,4.897277208788239,60.00075394718977,A_Baseline
31,55.530633603078485,0.6272669855565738,5.784748718873232,61.94264930750829,A_Baseline
30,54.20382861555463,1.8783818232352019,6.199998799270464,62.28220923806029,A_Baseline
33,60.878908806331424,1.0637405011768664,4.145240359820522,66.08788966732881,A_Baseline
32,58.509680304351676,1.4910736428380957,7.214259600949048,67.21501354813881,A_Baseline
34,63.43090862942391,0.0,4.577265240295409,68.00817386971931,A_Baseline
35,64.49510911723199,1.592780550096819,7.714548571675272,73.80243823900408,A_Baseline
37,67.45255655635606,0.5556173133632569,6.2771933264744,74.28536719619372,A_Baseline
36,66.0305908691834,1.1844226789554142,7.381838132363344,74.59685168050216,A_Baseline
38,69.08191231795301,4.720525921051063,4.324400832490262,78.12683907149435,A_Baseline
39,70.87317612007435,3.4121910761193703,4.233137538469917,78.51850473466364,A_Baseline
40,73.70227129955543,0.8945803809467208,5.806840670815754,80.40369235131791,A_Baseline
42,77.14545822177611,1.3730465128875267,4.997002525701986,83.51550726036562,A_Baseline
41,75.61997500473024,2.506864066764109,7.4891144180123845,85.61595348950672,A_Baseline
44,80.75327172053775,2.76223553982787,3.235581877123673,86.7510891374893,A_Baseline
43,79.31463020222319,1.0890621490947296,7.9876880324755515,88.39138038379346,A_Baseline
46,83.95414313223827,2.79694600525103,5.110799833998421,91.86188897148773,A_Baseline
45,82.77232430789068,2.8436291816160377,6.96039682181482,92.57635031132155,A_Baseline
47,85.1734413929396,3.2179389908538667,4.908096432532684,93.29947681632615,A_Baseline
50,91.54763164912988,1.7518451671962652,3.0574051097140984,96.35688192604024,A_Baseline
48,87.42833347634577,4.43355549514196,7.855391888068091,99.71728085955581,A_Baseline
49,88.55538888864969,4.02096142267186,7.30389851117249,99.88024882249404,A_Baseline
51,93.60586033932816,2.751021586712085,5.684851652043976,102.04173357808422,A_Baseline
53,98.4107247161017,1.4695241063923419,3.557760867979382,103.43800969047342,A_Baseline
52,96.04730397804855,3.6699768815072673,6.20480899289904,105.92208985245486,A_Baseline
54,99.94437509600678,2.097358482077439,7.769079637605401,109.81081321568962,A_Baseline
56,103.7213530100034,2.2007368424514624,3.893259402650657,109.81534925510552,A_Baseline
55,101.81390559734498,1.6241040931284374,7.37926470189097,110.8172743923644,A_Baseline
58,107.24930333760618,2.5660459174993377,4.492223957243164,114.30757321234869,A_Baseline
59,110.07455901629582,0.7427153760685741,6.044851057190861,116.86212544955526,A_Baseline
57,105.24813111150559,4.562682104184034,7.352592849183835,117.16340606487346,A_Baseline
60,112.35245800602783,1.9551152063208548,5.696895150598129,120.00446836294681,A_Baseline
62,116.1831581432774,0.9802479215960602,3.0028594806397173,120.16626554551317,A_Baseline
61,113.6581365431271,3.2039889064281653,5.651768360975888,122.51389381053116,A_Baseline
63,118.74041110053851,1.2640572624083006,3.0973837119291616,123.10185207487598,A_Baseline
64,120.38872321454785,0.0,7.393609389115921,127.78233260366378,A_Baseline
65,123.24692044707709,0.0,4.537570627013308,127.7844910740904,A_Baseline
67,127.02610183878782,0.7562307648759514,3.428267260339394,131.21059986400317,A_Baseline
68,129.92000072938382,0.0,3.346062592341918,133.26606332172574,A_Baseline
66,125.91025150579945,0.0,7.390047996020202,133.30029950181967,A_Baseline
69,131.89198165601704,0.0,6.829172146534939,138.72115380255198,A_Baseline
70,134.4131859865315,0.0,5.376411890493657,139.78959787702513,A_Baseline
71,135.669968915531,0.0,4.325283144700295,139.9952520602313,A_Baseline
72,137.7695761025209,0.9515777000310948,5.115689701004435,143.83684350355642,A_Baseline
74,141.93803859557556,0.0,4.00575531694848,145.94379391252403,A_Baseline
73,140.5144421846914,0.0,5.696480443897292,146.2109226285887,A_Baseline
76,146.0213333163573,0.0,5.190500419572521,151.21183373592982,A_Baseline
77,148.3210894316362,0.0,3.6050209793413286,151.92611041097754,A_Baseline
75,144.3979007337555,0.0,7.975746783304473,152.37364751705996,A_Baseline
78,150.3562411137074,0.8555926222224173,4.690427810737276,155.9022615466671,A_Baseline
79,151.8056357877705,0.12047462320703062,4.150573662982885,156.07668407396042,A_Baseline
80,153.98225322468497,0.0,3.3549654300451626,157.33721865473012,A_Baseline
81,155.42268799358808,0.47957355307900684,4.1447089190557715,160.04697046572286,A_Baseline
83,160.49573393414053,0.0,4.190023171844976,164.68575710598552,A_Baseline
82,157.6848939081283,0.0,7.298177001268733,164.98307090939701,A_Baseline
84,161.63744863391784,0.0,4.071184036852193,165.70863267077004,A_Baseline
86,165.24002788796045,0.0,5.36335513155897,170.6033830195194,A_Baseline
85,163.9754041905104,0.7103529154751129,7.677571202903355,172.36332830888887,A_Baseline
88,169.95135292319253,0.6520300963268824,3.4846540711441167,174.08803709066353,A_Baseline
87,167.38211407461102,0.0,7.037484988833217,174.41959906344425,A_Baseline
89,171.3321727519163,1.0311555569725783,5.117893115099604,177.48122142398847,A_Baseline
90,173.19427511672905,0.8937619739344882,6.645379247299253,180.73341633796278,A_Baseline
92,177.475053547389,0.00616787659947704,5.013106410511344,182.4943278344998,A_Baseline
91,175.1283244528024,0.0,7.9208260568298305,183.04915050963223,A_Baseline
93,178.6718892896929,2.0615270482698804,4.243281669601428,184.9766980075642,A_Baseline
94,180.35049450048282,2.143833334016989,3.9510445422040577,186.44537237670386,A_Baseline
95,183.0738395731884,0.0,5.109408199172021,188.1832477723604,A_Baseline
96,184.97106666885466,0.005631338709548572,4.249032239410503,189.2257302469747,A_Baseline
97,186.52815695818853,0.0,5.215653725267285,191.74381068345582,A_Baseline
98,189.37468815674055,0.0,5.751626562249241,195.1263147189898,A_Baseline
99,192.0973863662642,0.0,7.996412342063633,200.09379870832782,A_Baseline
100,193.19856302531397,0.0,7.8449812864237565,201.04354431173772,A_Baseline
101,195.87061819547387,0.0,7.243478672071527,203.11409686754538,A_Baseline
102,198.7233521614901,1.3704465468377123,4.068736495995909,204.16253520432375,A_Baseline
103,200.05597438269794,0.987569929039779,5.005201462747263,206.04874577448498,A_Baseline
104,202.02725663359936,1.0868402339460204,4.89486559488458,208.00896246242996,A_Baseline
105,203.14452743354371,1.0180077707800308,4.326015290860759,208.4885504951845,A_Baseline
106,206.11514512110315,0.0,5.275041836695717,211.39018695779887,A_Baseline
108,210.52930129698063,0.0,5.778841617028091,216.30814291400873,A_Baseline
107,208.6832863250003,0.0,7.786588204298366,216.46987452929866,A_Baseline
109,213.52014667596606,0.0,3.773984126370321,217.29413080233638,A_Baseline
112,219.70873945918035,0.0,3.2858263645374155,222.99456582371778,A_Baseline
111,217.55037887754784,0.0,5.7109760068713715,223.2613548844192,A_Baseline
110,215.9569632265587,0.3511796874500135,7.843546824845794,224.15168973885451,A_Baseline
114,224.3730457688564,0.0,3.7871636396974164,228.1602094085538,A_Baseline
113,222.20469057993847,0.7898752437793064,5.514251914597567,228.50881773831534,A_Baseline
115,227.07848555295297,0.0,3.4005573262029345,230.4790428791559,A_Baseline
117,231.3716932814633,0.0,4.176019475004656,235.54771275646797,A_Baseline
116,230.00004335950186,0.0,5.975175532250138,235.975218891752,A_Baseline
118,233.72211838867148,0.0,7.4514365706471875,241.17355495931866,A_Baseline
119,234.96189161656574,0.5858211399022366,5.972595767667206,241.52030852413517,A_Baseline
120,236.45432231214298,0.0,5.096124576679363,241.55044688882234,A_Baseline
122,240.86042991138964,0.6598786127455298,4.021295997117682,245.54160452125285,A_Baseline
123,242.90599534245356,0.0,4.19342976307923,247.0994251055328,A_Baseline
121,238.6930853328072,2.4804696265114785,7.6735312886821365,248.8470862480008,A_Baseline
125,247.1299506376149,0.0,4.58088598135927,251.71083661897418,A_Baseline
124,245.3383789440324,0.20322557722045076,6.358451114799856,251.9000556360527,A_Baseline
126,248.72994479721243,0.11714145078838101,3.3627155724657865,252.2098018204666,A_Baseline
128,253.15024482727839,0.0,3.3663036054981648,256.5165484327766,A_Baseline
127,251.23367378204122,0.4771628369329619,7.992272204272211,259.7031088232464,A_Baseline
129,256.1424377229886,0.0,4.326002073752006,260.4684397967406,A_Baseline
130,257.5687463475227,0.0,7.4043208684321975,264.97306721595487,A_Baseline
131,260.4352651035101,0.0,4.84763544369442,265.2829005472045,A_Baseline
132,263.1938055884792,0.0,7.168724773199035,270.36253036167824,A_Baseline
133,264.50929925319366,0.46376796276121013,6.0583888286297505,271.0314560445846,A_Baseline
134,266.9163791033684,0.0,6.2698815885536625,273.1862606919221,A_Baseline
137,272.5052489493356,0.6810117425864632,3.6714555719668387,276.8577162638889,A_Baseline
136,270.9064914449357,0.12496459964893347,6.316943574830386,277.348399619415,A_Baseline
135,269.8908452306314,0.47168513104685417,7.085520675577309,277.44805103725554,A_Baseline
139,276.61396629802806,0.7344333213869163,4.361741061574081,281.71014068098907,A_Baseline
138,275.38310895718985,1.4746073066990562,5.76611820442408,282.62383446831296,A_Baseline
140,277.8280382534469,0.0,6.588060935693989,284.4160991891409,A_Baseline
141,280.0376979075073,1.6724427734817482,4.319919508152047,286.0300601891411,A_Baseline
142,281.4448925321622,1.1789419361507498,5.442659260746883,288.06649372905986,A_Baseline
145,287.70863836751647,0.35785536154338615,3.0177284454389115,291.0842221744988,A_Baseline
144,286.524041432091,0.0,5.117878862818632,291.64192029490965,A_Baseline
143,283.7133684499324,0.7027307392085049,7.230518566474277,291.6466177556152,A_Baseline
146,289.26199881546097,1.822223359037821,6.185566886506898,297.26978906100567,A_Baseline
148,293.32814778636896,0.0,5.138434594903397,298.46658238127236,A_Baseline
147,291.80423726150025,0.0,6.706154541739654,298.5103918032399,A_Baseline
150,296.4508480278384,2.0157343534339702,5.727951446027612,304.19453382729995,A_Baseline
149,295.4315086286217,1.8382804323839537,7.415531966500715,304.6853210275064,A_Baseline
151,297.6013357479859,0.9090560552539841,7.172975099430084,305.68336690266995,A_Baseline
152,300.4091928911057,3.7853409361942454,4.541291749650668,308.7358255769506,A_Baseline
153,302.5742120240853,2.11110900342112,7.49490744371295,312.1802284712194,A_Baseline
155,305.1252906337845,3.610534943166101,4.05038269169877,312.7862082686494,A_Baseline
154,303.87039959522025,1.8129673074496964,7.303512910004514,312.9868798126745,A_Baseline
158,312.0144439950594,0.9724358176150645,5.031886949160584,318.0187667618351,A_Baseline
156,307.7175352435606,4.462693227658804,6.900581209357213,319.0808096805766,A_Baseline
157,310.51538451661355,2.270823752035824,7.420673507255045,320.20688177590444,A_Baseline
159,313.220031238403,4.798735523432072,7.32302848109982,325.3417952429349,A_Baseline
160,315.46135425870443,3.6194554218721464,7.881030164654814,326.9618398452314,A_Baseline
161,316.7704609353688,3.436420840535618,7.407081023316622,327.61396279922104,A_Baseline
162,319.63022296675615,5.711572276178742,4.660927339732144,330.00272258266705,A_Baseline
163,322.25176640663693,4.710073438594463,7.0111756946856945,333.97301553991707,A_Baseline
165,325.77446807394347,4.22825450872358,4.33402854797236,334.3367511306394,A_Baseline
164,323.3013391304333,4.312623668787751,7.3203201418763975,334.9342829410974,A_Baseline
168,333.83234749745986,1.101935443637558,4.112168587728322,339.04645152882574,A_Baseline
166,328.6360998460401,5.336915693876961,7.360833914530449,341.33384945444755,A_Baseline
167,331.2575984791889,3.0791526514504994,7.292966256688908,341.6297173873283,A_Baseline
169,335.0485387502658,3.9979127785599644,4.525954336693003,343.57240586551876,A_Baseline
171,339.60231843081755,2.0273989565107513,3.1183221735072575,344.74803956083554,A_Baseline
170,337.68171196145965,3.6521374929878903,4.137977437038852,345.4718268914864,A_Baseline
172,342.19300942912326,1.3793964363954956,4.641309755988533,348.2137156215073,A_Baseline
174,346.3079748898392,0.0,6.207408693038138,352.51538358287735,A_Baseline
173,343.57926900577866,1.1687705550568808,7.834445520241806,352.5824850810773,A_Baseline
176,349.6655816440031,2.8498019388742364,3.576708759257138,356.0920923421345,A_Baseline
175,347.86622487528297,0.34749074622430953,7.905748435991301,356.1194640574986,A_Baseline
179,355.9736230219549,0.14584103554369676,3.5420127360735556,359.66147679357215,A_Baseline
178,354.61648738961,1.4756049525245203,4.327331812614843,360.4194241547493,A_Baseline
177,351.73801310896056,0.8444719721167644,7.8520030551111395,360.43448813618846,A_Baseline
180,358.898691653478,0.7627851400941381,6.642725303263521,366.3042020968357,A_Baseline
181,360.7678191706073,0.0,6.031044266530716,366.79886343713804,A_Baseline
182,362.3951737989973,0.0,4.925977166723635,367.3211509657209,A_Baseline
184,366.57119600532945,0.22766743180858384,3.0084563910931474,369.8073198282312,A_Baseline
183,364.41801991833626,1.886182178499439,4.27361253069291,370.5778146275286,A_Baseline
185,368.9887665729978,0.0,5.692259985463959,374.6810265584618,A_Baseline
186,371.83991690399597,0.0,6.709750389197382,378.54966729319335,A_Baseline
187,374.27877690228564,0.0,4.821107358906321,379.09988426119196,A_Baseline
188,376.62003391115167,0.0,6.321188424556362,382.941222335708,A_Baseline
189,377.7599815334043,0.7896857597890516,4.5695782252917985,383.1192455184852,A_Baseline
190,379.42038160548947,0.0,6.598771315069751,386.01915292055924,A_Baseline
191,382.11641216450215,0.8248101712058542,4.546423311043267,387.4876456467513,A_Baseline
192,383.7170567009247,0.0,5.012001935288623,388.72905863621327,A_Baseline
193,385.5338425181631,0.48531040239612366,3.636438995295766,389.655591915855,A_Baseline
194,387.125152923215,0.3624927235362634,7.701818353650915,395.1894640004022,A_Baseline
196,391.3206814813063,0.0,4.504749372827827,395.8254308541341,A_Baseline
195,388.9660455907608,0.0,7.514027728662914,396.48007331942375,A_Baseline
197,393.55171131320907,1.6377526871931423,3.002029698486438,398.1914936988886,A_Baseline
198,395.64758573948046,0.1778451146536213,5.149440749949173,400.97487160408326,A_Baseline
199,397.2214131732183,0.0,6.273528118515358,403.49494129173365,A_Baseline
200,399.3813827356097,0.0,5.210798996524037,404.5921817321337,A_Baseline
201,401.31135911610374,0.0,5.365930929546631,406.67729004565035,A_Baseline
203,405.54112356973843,0.0,3.423977683625609,408.965101253364,A_Baseline
202,402.73876191808193,0.7561793736517188,6.980123800633901,410.4750650923676,A_Baseline
204,406.88050636213455,0.0,6.164704278828978,413.04521064096355,A_Baseline
205,408.91141038196497,0.053690871399055595,7.092117322683321,416.0572185760473,A_Baseline
206,410.5817868927846,0.0,6.363978352785836,416.94576524557044,A_Baseline
207,413.084063167866,0.0,3.995649663632883,417.0797128314989,A_Baseline
208,414.5333444998606,1.5238740761867007,5.3756817210940255,421.4329002971414,A_Baseline
210,417.071880363471,0.00783246802791382,5.072205054988597,422.1519178864875,A_Baseline
209,415.5821952753143,1.363569970256151,7.24868847312366,424.1944537186941,A_Baseline
212,420.4770675833156,1.6748503031719224,4.219922197892194,426.3718400843797,A_Baseline
213,421.865938056795,2.3285156618990754,3.0277240906901586,427.2221778093843,A_Baseline
211,418.21753682184016,3.215363475301217,6.481771252452525,427.9146715495939,A_Baseline
215,426.1668084170395,1.0553693923448009,3.5329364828176946,430.755114292202,A_Baseline
216,428.6687373702764,0.0,3.879433408532658,432.54817077880904,A_Baseline
214,423.8546923948159,2.517147689563785,6.850230942870125,433.2220710272498,A_Baseline
217,430.5190297581619,0.23608453404011698,5.589788752218704,436.3449030444207,A_Baseline
218,433.43496184272095,0.0,4.245991398299858,437.6809532410208,A_Baseline
219,434.53539861300226,0.0,5.282309127350863,439.8177077403531,A_Baseline
220,437.23207130770555,0.0,6.337888662931766,443.56995997063734,A_Baseline
221,439.83490451115006,0.0,5.977261592347098,445.81216610349713,A_Baseline
222,442.81068941728296,0.0,7.457129629052185,450.26781904633515,A_Baseline
223,445.71076863416926,0.0,6.596369806379835,452.30713844054907,A_Baseline
224,447.9360732796928,0.0,7.152845848607075,455.08891912829984,A_Baseline
226,452.0413735105633,0.26576492998577805,5.373372184115267,457.68051062466435,A_Baseline
225,449.9456296093416,0.32218943699353986,7.486040516166311,457.7538595625015,A_Baseline
227,454.5286843948825,0.5602347334173601,4.236198687548297,459.32511781584816,A_Baseline
230,460.3649899910208,0.0,3.387416769323679,463.7524067603445,A_Baseline
229,458.32239036536487,0.0,6.133742184908907,464.45613255027376,A_Baseline
228,456.0470674918125,1.6334431328518235,6.829068421485827,464.5095790461502,A_Baseline
231,461.9141848848559,1.838221875488614,4.5985478420938115,468.3509546024383,A_Baseline
233,465.02907140074655,0.0,4.156307398640934,469.1853787993875,A_Baseline
232,463.4856411865822,0.9704913636915649,5.700761112592282,470.156893662866,A_Baseline
235,468.69371914837694,0.49165965101053644,5.037996848332933,474.2233756477204,A_Baseline
234,466.30581952377884,2.0451350786594844,6.532095708472761,474.8830503109111,A_Baseline
236,469.8221768498047,0.33471681306133405,5.07887117051578,475.2357648333818,A_Baseline
1,2.2788535969157673,0.0,4.3751465918455965,6.654000188761364,B_MoreWorkers
2,3.3288751073611014,0.0,6.682356070820062,10.011231178181163,B_MoreWorkers
3,4.775296583658747,0.0,7.460897838524227,12.236194422182974,B_MoreWorkers
4,7.128695558504569,0.0,5.109609098426352,12.238304656930922,B_MoreWorkers
5,8.302573223763401,0.0,4.093189874018017,12.395763097781419,B_MoreWorkers
6,9.362167662639543,0.0,3.1326798484193183,12.494847511058861,B_MoreWorkers
8,12.770553540219565,0.0,4.102203110203483,16.87275665042305,B_MoreWorkers
7,11.372878238846267,0.0,6.249422188897616,17.622300427743884,B_MoreWorkers
9,14.860436501425998,0.0,7.047152283389133,21.907588784815132,B_MoreWorkers
11,18.051965388533937,0.0,4.70125258258996,22.753217971123895,B_MoreWorkers
10,17.038967869177814,0.0,7.02909625916404,24.068064128341852,B_MoreWorkers
13,21.75920317813395,0.0,3.4637292169007394,25.22293239503469,B_MoreWorkers
12,20.44824417851039,0.0,7.786065361033906,28.234309539544295,B_MoreWorkers
14,23.432392268359205,0.0,7.237471831737299,30.669864100096504,B_MoreWorkers
15,24.625825022026135,0.0,7.035641366371901,31.661466388398036,B_MoreWorkers
16,26.833277084759917,0.0,5.681140457273504,32.51441754203342,B_MoreWorkers
17,29.29274065814755,0.0,4.892671886041768,34.18541254418932,B_MoreWorkers
18,32.238972186106295,0.0,7.1470233212649745,39.38599550737127,B_MoreWorkers
19,34.343053448652746,0.0,7.308534501553886,41.65158795020663,B_MoreWorkers
21,38.73479724389476,0.0,4.139491378257734,42.87428862215249,B_MoreWorkers
20,36.58009295338124,0.0,6.522859181074617,43.102952134455855,B_MoreWorkers
22,39.82644601120609,0.0,3.3989598846181375,43.225405895824224,B_MoreWorkers
23,41.4052219384103,0.0,3.5050071470486457,44.910229085458944,B_MoreWorkers
24,42.87080371113236,0.0,6.178422221322001,49.04922593245436,B_MoreWorkers
25,44.42675091735254,0.0,4.850904835584413,49.27765575293696,B_MoreWorkers
26,46.15641527529271,0.0,4.334889110245567,50.49130438553828,B_MoreWorkers
27,47.57542933683568,0.0,6.240176926232968,53.81560626306865,B_MoreWorkers
28,50.44873851226067,0.0,3.855693240990485,54.30443175325115,B_MoreWorkers
29,52.667000523594645,0.0,3.817012468809642,56.48401299240429,B_MoreWorkers
31,56.884165003010644,0.0,5.784748718873232,62.668913721883875,B_MoreWorkers
30,55.125254119495345,0.0,7.9476167531829764,63.07287087267832,B_MoreWorkers
33,61.533393024698576,0.0,4.145240359820522,65.6786333845191,B_MoreWorkers
32,59.16416452271883,0.0,7.214259600949048,66.37842412366787,B_MoreWorkers
34,64.08539284779107,0.0,4.577265240295409,68.66265808808647,B_MoreWorkers
35,65.14959333559915,0.0,4.054914217931632,69.20450755353079,B_MoreWorkers
36,66.68507508755056,0.0,7.381838132363344,74.0669132199139,B_MoreWorkers
37,69.57089451622066,0.0,6.2771933264744,75.84808784269507,B_MoreWorkers
39,72.99151407993895,0.0,4.324400832490262,77.31591491242921,B_MoreWorkers
38,71.20025027781762,0.0,7.572737948702717,78.77298822652034,B_MoreWorkers
40,74.90921778511375,0.0,5.806840670815754,80.71605845592951,B_MoreWorkers
41,76.40247280050173,0.0,5.922929951117703,82.32540275161944,B_MoreWorkers
42,77.9279560175476,0.0,4.997002525701986,82.92495854324959,B_MoreWorkers
44,82.16224330306713,0.0,3.4545470608689692,85.6167903639361,B_MoreWorkers
45,84.18129589042006,0.0,3.548245651753296,87.72954154217335,B_MoreWorkers
43,80.72360178475256,0.0,7.9876880324755515,88.7112898172281,B_MoreWorkers
47,87.53042072467571,0.0,3.3176385307597855,90.84805925543549,B_MoreWorkers
46,85.27552864126953,0.0,6.96039682181482,92.23592546308436,B_MoreWorkers
50,93.19620792148642,0.0,3.0574051097140984,96.25361303120052,B_MoreWorkers
48,89.37474065827507,0.0,7.980606901200484,97.35534755947556,B_MoreWorkers
49,91.13797923128814,0.0,7.855391888068091,98.99337111935623,B_MoreWorkers
51,95.91776732595541,0.0,6.408551845132874,102.32631917108829,B_MoreWorkers
52,98.3592109646758,0.0,4.334125949762714,102.6933369144385,B_MoreWorkers
53,100.43315162549338,0.0,3.557760867979382,103.99091249347276,B_MoreWorkers
54,102.715075222653,0.0,5.268618531646032,107.98369375429903,B_MoreWorkers
55,104.5846057239912,0.0,7.37926470189097,111.96387042588218,B_MoreWorkers
56,107.49223757903336,0.0,5.502930565251491,112.99516814428485,B_MoreWorkers
58,110.37631944159581,0.0,4.492223957243164,114.86854339883898,B_MoreWorkers
57,109.01901568053555,0.0,7.563139196724102,116.58215487725965,B_MoreWorkers
59,113.11735658126935,0.0,6.044851057190861,119.16220763846022,B_MoreWorkers
62,118.77969216833988,0.0,3.0028594806397173,121.78255164897959,B_MoreWorkers
60,115.39525557100136,0.0,6.812554000375757,122.20780957137711,B_MoreWorkers
61,116.70093410810063,0.0,6.893132393152792,123.59406650125342,B_MoreWorkers
63,120.84039951273023,0.0,3.0973837119291616,123.9377832246594,B_MoreWorkers
64,122.48871162673957,0.0,7.393609389115921,129.8823210158555,B_MoreWorkers
65,125.34690885926881,0.0,4.537570627013308,129.88447948628212,B_MoreWorkers
67,129.12609025097953,0.0,3.428267260339394,132.55435751131893,B_MoreWorkers
68,132.0199891415755,0.0,3.346062592341918,135.36605173391743,B_MoreWorkers
66,128.01023991799116,0.0,7.390047996020202,135.40028791401136,B_MoreWorkers
69,133.99197006820873,0.0,6.829172146534939,140.82114221474367,B_MoreWorkers
70,136.51317439872318,0.0,5.376411890493657,141.88958628921682,B_MoreWorkers
71,137.7699573277227,0.0,4.325283144700295,142.095240472423,B_MoreWorkers
72,139.86956451471258,0.0,5.115689701004435,144.98525421571702,B_MoreWorkers
74,144.03802700776725,0.0,4.00575531694848,148.04378232471572,B_MoreWorkers
73,142.6144305968831,0.0,5.696480443897292,148.31091104078038,B_MoreWorkers
76,148.121321728549,0.0,5.190500419572521,153.3118221481215,B_MoreWorkers
77,150.4210778438279,0.0,3.6050209793413286,154.02609882316924,B_MoreWorkers
75,146.4978891459472,0.0,7.975746783304473,154.47363592925166,B_MoreWorkers
78,152.4562295258991,0.0,4.690427810737276,157.14665733663637,B_MoreWorkers
79,153.9056241999622,0.0,4.150573662982885,158.05619786294508,B_MoreWorkers
80,156.08224163687666,0.0,3.3549654300451626,159.43720706692181,B_MoreWorkers
81,157.52267640577978,0.0,4.1447089190557715,161.66738532483555,B_MoreWorkers
83,162.59572234633222,0.0,4.190023171844976,166.7857455181772,B_MoreWorkers
82,159.78488232031998,0.0,7.298177001268733,167.0830593215887,B_MoreWorkers
84,163.73743704610953,0.0,4.071184036852193,167.80862108296174,B_MoreWorkers
86,167.34001630015214,0.0,5.36335513155897,172.7033714317111,B_MoreWorkers
85,166.0753926027021,0.0,7.677571202903355,173.75296380560545,B_MoreWorkers
88,172.05134133538422,0.0,3.4846540711441167,175.53599540652834,B_MoreWorkers
87,169.48210248680272,0.0,7.037484988833217,176.51958747563594,B_MoreWorkers
89,173.43216116410798,0.0,5.117893115099604,178.5500542792076,B_MoreWorkers
90,175.29426352892074,0.0,6.645379247299253,181.93964277621998,B_MoreWorkers
92,179.5750419595807,0.0,5.013106410511344,184.58814837009203,B_MoreWorkers
91,177.22831286499408,0.0,7.9208260568298305,185.14913892182392,B_MoreWorkers
94,182.45048291267452,0.0,3.9510445422040577,186.40152745487856,B_MoreWorkers
93,180.7718777018846,0.0,7.308362681763955,188.08024038364854,B_MoreWorkers
95,183.94779558051508,0.0,5.109408199172021,189.0572037796871,B_MoreWorkers
96,185.84502267618134,0.0,4.249032239410503,190.09405491559184,B_MoreWorkers
97,187.40211296551522,0.0,5.215653725267285,192.6177666907825,B_MoreWorkers
98,190.24864416406723,0.0,5.751626562249241,196.00027072631647,B_MoreWorkers
99,192.9713423735909,0.0,7.996412342063633,200.9677547156545,B_MoreWorkers
100,194.07251903264066,0.0,7.8449812864237565,201.9175003190644,B_MoreWorkers
101,196.74457420280055,0.0,7.243478672071527,203.98805287487207,B_MoreWorkers
102,199.5973081688168,0.0,5.428205627253592,205.02551379607038,B_MoreWorkers
103,200.92993039002462,0.0,5.005201462747263,205.9351318527719,B_MoreWorkers
104,202.357424988423,0.0,4.89486559488458,207.25229058330757,B_MoreWorkers
105,203.47469578836734,0.0,4.326015290860759,207.8007110792281,B_MoreWorkers
106,206.44531347592678,0.0,5.275041836695717,211.7203553126225,B_MoreWorkers
108,210.85946965180426,0.0,5.778841617028091,216.63831126883235,B_MoreWorkers
107,209.01345467982392,0.0,7.786588204298366,216.8000428841223,B_MoreWorkers
109,213.8503150307897,0.0,3.773984126370321,217.62429915716,B_MoreWorkers
112,220.03890781400398,0.0,3.2858263645374155,223.3247341785414,B_MoreWorkers
111,217.88054723237147,0.0,5.7109760068713715,223.59152323924283,B_MoreWorkers
110,216.28713158138234,0.0,7.843546824845794,224.13067840622813,B_MoreWorkers
113,222.5348589347621,0.0,5.514251914597567,228.04911084935966,B_MoreWorkers
114,224.70321412368003,0.0,3.7871636396974164,228.49037776337744,B_MoreWorkers
115,227.4086539077766,0.0,3.4005573262029345,230.80921123397954,B_MoreWorkers
117,231.70186163628694,0.0,4.176019475004656,235.8778811112916,B_MoreWorkers
116,230.3302117143255,0.0,5.975175532250138,236.30538724657563,B_MoreWorkers
119,235.29205997138936,0.0,5.972595767667206,241.26465573905656,B_MoreWorkers
118,234.0522867434951,0.0,7.4514365706471875,241.5037233141423,B_MoreWorkers
120,236.7844906669666,0.0,5.096124576679363,241.88061524364596,B_MoreWorkers
121,239.0232536876308,0.0,5.613913577659794,244.6371672652906,B_MoreWorkers
122,241.19059826621327,0.0,4.021295997117682,245.21189426333095,B_MoreWorkers
123,244.06001078168612,0.0,4.19342976307923,248.25344054476534,B_MoreWorkers
124,246.49239438326495,0.0,6.358451114799856,252.8508454980648,B_MoreWorkers
125,248.28396607684746,0.0,4.58088598135927,252.86485205820674,B_MoreWorkers
126,249.88396023644498,0.0,3.3627155724657865,253.24667580891077,B_MoreWorkers
128,254.30426026651094,0.0,3.3663036054981648,257.6705638720091,B_MoreWorkers
127,252.38768922127377,0.0,7.992272204272211,260.37996142554596,B_MoreWorkers
129,257.2964531622211,0.0,4.326002073752006,261.6224552359731,B_MoreWorkers
130,258.7227617867552,0.0,7.4043208684321975,266.1270826551874,B_MoreWorkers
131,261.58928054274264,0.0,4.84763544369442,266.43691598643704,B_MoreWorkers
132,264.34782102771175,0.0,7.168724773199035,271.51654580091076,B_MoreWorkers
133,265.6633146924262,0.0,6.0583888286297505,271.72170352105593,B_MoreWorkers
134,268.0703945426009,0.0,6.2698815885536625,274.3402761311546,B_MoreWorkers
137,273.65926438856815,0.0,3.6714555719668387,277.33071996053496,B_MoreWorkers
135,271.0448606698639,0.0,7.085520675577309,278.1303813454412,B_MoreWorkers
136,272.0605068841682,0.0,6.316943574830386,278.37745045899857,B_MoreWorkers
138,276.53712439642237,0.0,3.535179888547088,280.07230428496945,B_MoreWorkers
139,277.7679817372606,0.0,4.361741061574081,282.1297227988347,B_MoreWorkers
140,279.87442901903023,0.0,6.588060935693989,286.4624899547242,B_MoreWorkers
141,282.08408867309066,0.0,6.171189794425398,288.25527846751606,B_MoreWorkers
142,283.49128329774555,0.0,5.442659260746883,288.93394255849245,B_MoreWorkers
145,289.0145210185905,0.0,3.0177284454389115,292.0322494640294,B_MoreWorkers
143,285.0192511010064,0.0,7.230518566474277,292.2497696674807,B_MoreWorkers
144,287.829924083165,0.0,5.117878862818632,292.94780294598365,B_MoreWorkers
146,290.56788146653497,0.0,6.185566886506898,296.75344835304185,B_MoreWorkers
148,294.63403043744296,0.0,5.138434594903397,299.77246503234636,B_MoreWorkers
147,293.11011991257425,0.0,6.706154541739654,299.8162744543139,B_MoreWorkers
149,296.7373912796957,0.0,3.3762193003688354,300.1136105800646,B_MoreWorkers
150,297.7567306789124,0.0,7.519642857799465,305.27637353671184,B_MoreWorkers
152,302.61412404392377,0.0,3.740468927837413,306.3545929717612,B_MoreWorkers
151,300.5229434655127,0.0,7.172975099430084,307.69591856494276,B_MoreWorkers
153,304.77914317690335,0.0,4.541291749650668,309.320434926554,B_MoreWorkers
154,306.0340342154676,0.0,6.980611524440208,313.01464573990785,B_MoreWorkers
156,311.55340235695456,0.0,4.247648696114622,315.80105105306916,B_MoreWorkers
155,308.83199719295277,0.0,7.494623182632373,316.32662037558515,B_MoreWorkers
158,314.1791426769777,0.0,5.031886949160584,319.21102962613827,B_MoreWorkers
157,312.9735554336341,0.0,6.900581209357213,319.8741366429913,B_MoreWorkers
159,316.9474120798797,0.0,3.7727666916610234,320.72017877154076,B_MoreWorkers
160,319.18873510018113,0.0,7.32302848109982,326.51176358128095,B_MoreWorkers
162,325.0009091974304,0.0,3.1239318094909434,328.1248410069214,B_MoreWorkers
161,322.04849713156847,0.0,7.053858599701984,329.10235573127045,B_MoreWorkers
163,327.7637416067571,0.0,4.660927339732144,332.42466894648925,B_MoreWorkers
164,330.23687055026727,0.0,7.0111756946856945,337.24804624495295,B_MoreWorkers
165,333.0985023223639,0.0,7.053746582871945,340.15224890523587,B_MoreWorkers
168,338.57643305110935,0.0,4.112168587728322,342.68860163883767,B_MoreWorkers
166,335.8266303791145,0.0,6.936872545677356,342.76350292479185,B_MoreWorkers
167,337.36024179830343,0.0,7.360833914530449,344.7210757128339,B_MoreWorkers
169,341.29361955378494,0.0,5.3015161733947105,346.59513572717964,B_MoreWorkers
171,345.53717449965603,0.0,3.1183221735072575,348.65549667316327,B_MoreWorkers
170,343.9267927649788,0.0,6.976727495764309,350.9035202607431,B_MoreWorkers
172,346.99236547447157,0.0,4.641309755988533,351.6336752304601,B_MoreWorkers
173,348.37862505112696,0.0,7.834445520241806,356.21307057136875,B_MoreWorkers
174,351.1073309351875,0.0,6.207408693038138,357.31473962822565,B_MoreWorkers
175,352.66558092063127,0.0,7.905748435991301,360.5713293566226,B_MoreWorkers
176,354.4649376893514,0.0,7.696185701623579,362.161123390975,B_MoreWorkers
179,359.1251882903566,0.0,3.5420127360735556,362.6672010264302,B_MoreWorkers
177,356.53736915430886,0.0,7.8520030551111395,364.38937220942,B_MoreWorkers
178,357.7680526580117,0.0,7.812671578807778,365.5807242368195,B_MoreWorkers
180,360.65612101540256,0.0,6.642725303263521,367.2988463186661,B_MoreWorkers
181,362.52524853253186,0.0,6.031044266530716,368.5562927990626,B_MoreWorkers
182,364.15260316092184,0.0,4.925977166723635,369.07858032764545,B_MoreWorkers
183,366.1754492802608,0.0,4.27361253069291,370.4490618109537,B_MoreWorkers
184,368.328625367254,0.0,3.0084563910931474,371.33708175834715,B_MoreWorkers
185,370.74619593492235,0.0,5.692259985463959,376.43845592038633,B_MoreWorkers
186,373.5973462659205,0.0,6.709750389197382,380.3070966551179,B_MoreWorkers
187,376.0362062642102,0.0,4.821107358906321,380.8573136231165,B_MoreWorkers
189,379.51741089532885,0.0,4.5695782252917985,384.0869891206207,B_MoreWorkers
188,378.3774632730762,0.0,6.321188424556362,384.69865169763256,B_MoreWorkers
190,381.177810967414,0.0,6.598771315069751,387.7765822824838,B_MoreWorkers
191,383.8738415264267,0.0,4.546423311043267,388.42026483747,B_MoreWorkers
192,385.4744860628492,0.0,5.012001935288623,390.4864879981378,B_MoreWorkers
193,387.29127188008766,0.0,3.636438995295766,390.9277108753834,B_MoreWorkers
194,388.88258228513956,0.0,7.701818353650915,396.5844006387905,B_MoreWorkers
196,393.07811084323083,0.0,4.504749372827827,397.58286021605863,B_MoreWorkers
195,390.72347495268536,0.0,7.514027728662914,398.2375026813483,B_MoreWorkers
197,395.3091406751336,0.0,3.002029698486438,398.31117037362003,B_MoreWorkers
198,397.405015101405,0.0,5.149440749949173,402.5544558513542,B_MoreWorkers
199,398.97884253514286,0.0,6.273528118515358,405.2523706536582,B_MoreWorkers
200,401.13881209753424,0.0,5.210798996524037,406.3496110940583,B_MoreWorkers
201,403.0687884780283,0.0,5.365930929546631,408.4347194075749,B_MoreWorkers
203,407.298552931663,0.0,3.423977683625609,410.7225306152886,B_MoreWorkers
202,404.4961912800065,0.0,6.980123800633901,411.4763150806404,B_MoreWorkers
204,408.6379357240591,0.0,6.164704278828978,414.8026400028881,B_MoreWorkers
205,410.6688397438895,0.0,7.092117322683321,417.7609570665728,B_MoreWorkers
206,412.33921625470913,0.0,6.363978352785836,418.703194607495,B_MoreWorkers
207,414.84149252979057,0.0,3.995649663632883,418.83714219342346,B_MoreWorkers
208,416.29077386178517,0.0,4.224212720391751,420.5149865821769,B_MoreWorkers
210,419.28989732567646,0.0,5.072205054988597,424.3621023806651,B_MoreWorkers
211,420.4355537840456,0.0,3.9721761836985463,424.40772996774416,B_MoreWorkers
209,417.33962463723884,0.0,7.24868847312366,424.5883131103625,B_MoreWorkers
212,422.69508454552107,0.0,5.471885845052185,428.1669703905733,B_MoreWorkers
215,427.586851561935,0.0,3.5329364828176946,431.11978804475274,B_MoreWorkers
213,425.0877930465021,0.0,6.28029005555892,431.368083102061,B_MoreWorkers
214,426.575761925659,0.0,6.754822383092364,433.3305843087513,B_MoreWorkers
216,430.12694393908305,0.0,3.879433408532658,434.0063773476157,B_MoreWorkers
217,431.9772363269685,0.0,5.589788752218704,437.5670250791872,B_MoreWorkers
218,434.8931684115276,0.0,4.245991398299858,439.13915980982745,B_MoreWorkers
219,435.9936051818089,0.0,5.282309127350863,441.27591430915976,B_MoreWorkers
220,438.6902778765122,0.0,6.337888662931766,445.028166539444,B_MoreWorkers
221,441.2931110799567,0.0,5.977261592347098,447.2703726723038,B_MoreWorkers
222,444.2688959860896,0.0,7.457129629052185,451.7260256151418,B_MoreWorkers
223,447.1689752029759,0.0,6.596369806379835,453.7653450093557,B_MoreWorkers
224,449.3942798484994,0.0,7.152845848607075,456.5471256971065,B_MoreWorkers
226,453.49958007936993,0.0,5.373372184115267,458.8729522634852,B_MoreWorkers
225,451.40383617814825,0.0,7.486040516166311,458.8898766943146,B_MoreWorkers
227,455.9868909636891,0.0,4.236198687548297,460.22308965123744,B_MoreWorkers
228,457.5052740606192,0.0,6.829068421485827,464.334342482105,B_MoreWorkers
230,461.82319655982747,0.0,3.387416769323679,465.21061332915116,B_MoreWorkers
229,459.7805969341715,0.0,6.133742184908907,465.9143391190804,B_MoreWorkers
231,463.37239145366254,0.0,4.358575535410923,467.73096698907347,B_MoreWorkers
232,464.94384775538884,0.0,5.700761112592282,470.6446088679811,B_MoreWorkers
233,466.5832668922264,0.0,4.156307398640934,470.7395742908673,B_MoreWorkers
234,467.8600150152587,0.0,6.532095708472761,474.39211072373143,B_MoreWorkers
235,470.2479146398568,0.0,5.037996848332933,475.2859114881897,B_MoreWorkers
236,471.37637234128454,0.0,5.07887117051578,476.4552435118003,B_MoreWorkers
237,473.46159462229235,0.0,5.100717588867128,478.5623122111595,B_MoreWorkers
1,1.4591401976868257,0.0,4.3751465918455965,5.834286789532422,C_HighDemand
2,1.996656330520826,0.0,6.682356070820062,8.679012401340888,C_HighDemand
4,4.346521668878427,1.4877651206539948,3.1489860971903516,8.983272886722773,C_HighDemand
3,2.8314724377440603,0.0,7.460897838524227,10.292370276268286,C_HighDemand
5,4.9769299178225515,3.7020824835183364,3.9941882534332427,12.673200654774131,C_HighDemand
6,6.1098126473504575,2.8734602393723154,5.724707403016083,14.707980289738856,C_HighDemand
8,8.195802541710906,4.477398113063225,3.032493798390305,15.705694453164437,C_HighDemand
7,6.937769609555863,3.3546006667124235,5.946328419379544,16.23869869564783,C_HighDemand
9,8.735606496236702,5.972373793502154,4.70125258258996,19.409232872328815,C_HighDemand
10,10.210433152905987,5.49526130025845,3.7773974990589076,19.483091952223344,C_HighDemand
11,11.041094085967032,5.197604609680798,4.682972725563134,20.921671421210966,C_HighDemand
12,12.755239770983772,6.653993101345042,6.018630156834456,25.42786302916327,C_HighDemand
13,14.463968648732983,5.01912330349036,7.035641366371901,26.518733318595245,C_HighDemand
14,16.011177741215324,4.910493679995643,6.64865893346909,27.570330354680056,C_HighDemand
15,17.946997349525496,7.480865679637773,7.1470233212649745,32.574886350428244,C_HighDemand
16,18.58611611459572,7.932617203999527,6.092598761821231,32.611332080416474,C_HighDemand
17,19.231190679845913,8.339139674834144,5.886760726283811,33.45709108096386,C_HighDemand
19,22.306774366549153,10.304557713867322,3.5050071470486457,36.11633922746512,C_HighDemand
18,21.002432229367102,11.572454121061142,4.163954431805151,36.738840782233396,C_HighDemand
20,24.266448012518207,9.190643068445656,6.178422221322001,39.635513302285865,C_HighDemand
21,25.334249578330738,10.782089649134381,4.334889110245567,40.45122833771069,C_HighDemand
23,28.454870875706742,11.180642426579123,3.855693240990485,43.49120654327635,C_HighDemand
24,30.01172863002913,10.43949970768156,3.817012468809642,44.26824080652033,C_HighDemand
22,26.662310525240578,10.076530256992818,7.68327293856247,44.42211372079586,C_HighDemand
25,30.580465205512624,12.910741337763724,6.199998799270464,49.69120534254681,C_HighDemand
26,31.422312618989945,12.845928187530387,5.784748718873232,50.05298952539356,C_HighDemand
27,32.356394564393106,12.065719156402757,7.214259600949048,51.63637332174491,C_HighDemand
28,32.976082529778544,16.715122812768264,4.338704379878513,54.02990972242532,C_HighDemand
30,34.94029120289881,16.6960821188461,4.5733894039923895,56.2097627257373,C_HighDemand
29,33.893042934443685,16.15994659094988,7.714548571675272,57.76753809706884,C_HighDemand
32,36.80982319973137,19.39993952600593,4.324400832490262,60.53416355822756,C_HighDemand
31,35.99556265357414,18.034347068851183,7.572737948702717,61.60264767112804,C_HighDemand
33,38.281876277601256,19.48566181946758,4.313708042614676,62.081246139683515,C_HighDemand
34,39.695572786101735,20.838590772125826,4.997002525701986,65.53116608392955,C_HighDemand
35,41.28926298302726,20.313384688100783,4.096603795786416,65.69925146691446,C_HighDemand
36,42.35844614566373,19.722799994019788,5.547631468382322,67.62887760806584,C_HighDemand
38,45.86965254810343,19.82959891881103,5.110799833998421,70.81005130091287,C_HighDemand
37,44.34273117161862,21.18843491231093,6.13723020851545,71.668396292445,C_HighDemand
39,47.5336524154228,20.095225192643035,4.908096432532684,72.53697404059852,C_HighDemand
41,48.92537488922502,22.743021403219977,3.0574051097140984,74.72580140215909,C_HighDemand
40,48.37722452336896,22.432826777543916,7.855391888068091,78.66544318898096,C_HighDemand
43,50.715028726693134,24.010772675465958,4.334125949762714,79.0599273519218,C_HighDemand
42,49.898554461313644,22.63841957928488,6.603609096800973,79.14058313739949,C_HighDemand
46,55.10618601593546,24.034397121464032,4.316945253755454,83.45752839115494,C_HighDemand
44,52.52958016640214,26.135863022578818,5.268618531646032,83.93406172062699,C_HighDemand
45,54.01273816434446,25.047189187577338,7.769079637605401,86.8290069895272,C_HighDemand
48,57.16440505635753,26.769656664269455,4.492223957243164,88.42628567787015,C_HighDemand
49,58.50645725760226,28.322549731924944,3.764196342748174,90.59320333227538,C_HighDemand
47,56.29446379481656,27.16306459633838,7.352592849183835,90.81012124033877,C_HighDemand
52,63.72637697808395,27.083744262254825,3.0028594806397173,93.81298072097849,C_HighDemand
50,59.88333624293757,28.542949434932588,5.696895150598129,94.12318082846828,C_HighDemand
51,61.73007056834128,28.863132763934097,5.651768360975888,96.24497169325127,C_HighDemand
53,64.36274109634464,29.450239624633852,7.393609389115921,101.20659011009441,C_HighDemand
54,64.93341565948174,29.18976516898654,7.158327646805898,101.28150847527418,C_HighDemand
55,65.59788935500772,30.64708233824355,7.73474722648997,103.97971891974125,C_HighDemand
57,67.8812999607801,33.40020851449408,3.641957322498814,104.92346579777299,C_HighDemand
56,67.28600840155217,33.920581708542244,6.829172146534939,108.03576225662935,C_HighDemand
58,69.87548203114024,34.10423688860101,4.325283144700295,108.30500206444154,C_HighDemand
59,71.16915354878894,33.75431224898405,5.115689701004435,110.03915549877743,C_HighDemand
61,74.48288865568055,33.822113408760984,4.558581456504475,112.86358352094601,C_HighDemand
60,72.96032310214069,35.07543915448866,6.649655345449881,114.68541760207924,C_HighDemand
62,75.78834415129374,34.25081134748369,6.249390288197267,116.2885457869747,C_HighDemand
63,77.24978684916346,35.61379667178255,3.6050209793413286,116.46860450028734,C_HighDemand
65,79.06926298556093,37.21928280141377,3.3549654300451626,119.64351121701986,C_HighDemand
64,77.91711510955727,36.76830249252197,5.941543592286166,120.6269611943654,C_HighDemand
66,80.88304239612822,35.58556210415912,6.155514786350494,122.62411928663784,C_HighDemand
67,82.13392156570366,37.509589651316205,7.298177001268733,126.94168821828859,C_HighDemand
68,82.90189938649885,37.72506180786655,6.3448888914814034,126.97185008584681,C_HighDemand
69,84.77084114551609,37.85327814112175,7.677571202903355,130.3016904895412,C_HighDemand
71,87.64272070497235,39.32912938087446,3.9520495718093884,130.9238996576562,C_HighDemand
70,86.22926538781509,40.7124228304735,7.037484988833217,133.97917320712182,C_HighDemand
72,89.28648690508507,41.01520358445612,6.645379247299253,136.94706973684043,C_HighDemand
73,90.95442662303091,39.96947303462528,6.366822736466508,137.2907223941227,C_HighDemand
74,91.94066070853792,42.0385124985839,4.696513026974816,138.67568623409664,C_HighDemand
75,92.46987582211666,44.47719391472377,3.9510445422040577,140.89811427904448,C_HighDemand
76,94.3635237465136,42.9271986476091,5.243067739165659,142.53379013328836,C_HighDemand
77,95.32479493461759,43.35089129947906,4.249032239410503,142.92471847350714,C_HighDemand
78,95.91168268435887,44.98643159468561,5.215653725267285,146.11376800431177,C_HighDemand
80,98.35717726126676,44.567541212240386,3.2529416476244064,146.17766012113154,C_HighDemand
79,97.72869708316493,44.80509305012343,5.751626562249241,148.2854166955376,C_HighDemand
83,101.8308849818301,46.45453171370751,3.83155555301957,152.11697224855718,C_HighDemand
82,100.18998173394425,45.98767838718729,7.631834915040638,153.80949503617217,C_HighDemand
81,99.58616295624168,46.527605048070086,7.8449812864237565,153.9587492907355,C_HighDemand
84,103.04380854897819,49.073163699578984,4.89486559488458,157.01183784344175,C_HighDemand
85,104.3685139392206,49.44098109695156,4.326015290860759,158.13551032703293,C_HighDemand
86,106.1771635008485,47.78158578988702,6.920353009742847,160.87910230047837,C_HighDemand
88,108.3038049421808,49.83170538485213,5.778841617028091,163.91435194406102,C_HighDemand
87,106.99486080901161,50.01697703443014,7.977113447463569,164.98895129090533,C_HighDemand
89,109.10553153726535,51.773570763213016,4.483539127472821,165.3626414279512,C_HighDemand
91,112.25540569812844,52.73354559277689,3.2858263645374155,168.27477765544276,C_HighDemand
90,111.09825557225669,52.816096371804335,5.7109760068713715,169.6253279509324,C_HighDemand
92,113.53176945968183,51.83087196826936,5.920887972294857,171.28352940024604,C_HighDemand
93,114.36881546522916,53.9059621902136,3.7871636396974164,172.06194129514017,C_HighDemand
94,115.37594380845034,54.24938414248204,3.4005573262029345,173.02588527713533,C_HighDemand
96,117.05144198402255,55.01049931111763,4.176019475004656,176.23796077014484,C_HighDemand
97,117.89485465973928,55.13103061739605,3.599433069735621,176.62531834687096,C_HighDemand
95,116.22111590734521,55.06241349290083,5.975175532250138,177.2587049324962,C_HighDemand
99,120.35927070408145,56.2660476427895,5.096124576679363,181.7214429235503,C_HighDemand
98,119.75298467924847,56.48497609089637,6.096907551660515,182.33486832180535,C_HighDemand
100,121.21627765563494,56.04242727686125,5.918361446456124,183.1770663789523,C_HighDemand
101,122.0376328666906,59.68381005685971,4.19342976307923,185.91487268662954,C_HighDemand
102,122.73610063977814,59.5987676820272,4.978929233956272,187.31379755576162,C_HighDemand
103,124.09266527976607,59.08440109918624,4.499985398993811,187.6770517779461,C_HighDemand
104,125.30167181923376,60.613200867395776,3.3627155724657865,189.27758825909532,C_HighDemand
107,128.7705739506227,60.507014308472634,4.326002073752006,193.60359033284732,C_HighDemand
105,126.97860095566989,60.335196600091734,7.992272204272211,195.30606976003384,C_HighDemand
106,127.62399717701312,60.05305460093298,7.980482239275473,195.65753401722156,C_HighDemand
108,129.90594188515257,63.697648447694746,4.84763544369442,198.45122577654175,C_HighDemand
110,133.08272670425652,62.57480731296505,6.517699625436855,202.1752336426584,C_HighDemand
109,131.10647888720757,64.19959087282626,7.168724773199035,202.47479453323288,C_HighDemand
111,133.73035351098446,64.72087226555729,6.2698815885536625,204.7211073650954,C_HighDemand
112,134.83428543413785,67.34094820852056,6.316943574830386,208.4921772174888,C_HighDemand
114,137.49977873954745,67.22132862554795,4.361741061574081,209.0828484266695,C_HighDemand
113,136.62679423866703,65.84800029456585,7.694650019635519,210.1694445528684,C_HighDemand
115,138.63260119929905,69.85957601818976,4.017986561637265,212.51016377912606,C_HighDemand
116,139.55041891629946,69.53242951037004,4.319919508152047,213.40276793482155,C_HighDemand
117,141.4353173152135,68.73412723765492,5.442659260746883,215.6121038136153,C_HighDemand
118,143.22734097235625,69.28282280676981,3.461492338563667,215.97165611768972,C_HighDemand
119,145.22626467497534,68.17650325984621,5.117878862818632,218.52064679764018,C_HighDemand
121,148.75334965421672,67.218306463473,4.309776312171741,220.28143242986147,C_HighDemand
120,146.98030605259527,68.63179776102004,6.185566886506898,221.7976707001222,C_HighDemand
122,149.9818113423928,68.53883545524738,5.758402105631957,224.27904890327213,C_HighDemand
124,151.90399273001574,69.89367797010647,5.727951446027612,227.52562214614983,C_HighDemand
123,150.80243229119156,69.4790001386699,7.415531966500715,227.69696439636218,C_HighDemand
125,152.49194582997401,71.78710307329811,5.91254783244897,230.1915967357211,C_HighDemand
128,156.78693287563758,73.40466386008353,4.05038269169877,234.24197942741986,C_HighDemand
126,154.4699090956436,73.05571305050623,6.980611524440208,234.50623367059003,C_HighDemand
127,155.65242164665233,72.04454274970985,7.303512910004514,235.0004773063667,C_HighDemand
131,161.03271698778266,73.96776031858403,3.7727666916610234,238.7732439980277,C_HighDemand
129,158.72290933692707,75.51907009049279,5.031886949160584,239.27386637658046,C_HighDemand
130,160.30052174987156,74.20571192071847,6.103307550753565,240.6095412213436,C_HighDemand
134,165.9765148120294,74.6330264093142,3.1239318094909434,243.73347303083455,C_HighDemand
133,164.3545514714608,74.91931490511965,7.053858599701984,246.32772497628244,C_HighDemand
132,162.9857810352364,75.7874629627913,7.881030164654814,246.65427416268253,C_HighDemand
135,167.23079038640867,76.50268264442587,7.0111756946856945,250.74464872552025,C_HighDemand
137,170.95103857939276,75.70323558328977,4.33402854797236,250.9883027106549,C_HighDemand
136,169.0098702244811,77.31785475180135,7.053746582871945,253.3814715591544,C_HighDemand
139,173.24259485126998,77.74570785938491,4.112168587728322,255.1004712983832,C_HighDemand
140,175.07802582246413,78.30344573669026,4.525954336693003,257.9074258958474,C_HighDemand
138,171.72977602086385,79.0148727046564,7.292966256688908,258.03761498220916,C_HighDemand
141,175.94734884414706,79.15312245423615,4.137977437038852,259.2384487354221,C_HighDemand
142,177.33912757444722,80.56829832140016,7.321764710151432,265.22919060599884,C_HighDemand
144,180.5253610343498,78.71308770107228,6.207408693038138,265.4458574284602,C_HighDemand
143,178.62330164774517,79.414313334464,7.834445520241806,265.87206050245095,C_HighDemand
145,181.3317498334851,83.89744077251373,3.576708759257138,268.805899365256,C_HighDemand
146,182.90603753466922,82.53981989379099,7.8520030551111395,273.29786048357136,C_HighDemand
147,184.41357286910917,81.45848763334178,7.812671578807778,273.68473208125874,C_HighDemand
148,185.38783866351696,83.41806070173902,6.642725303263521,275.4486246685195,C_HighDemand
150,188.20306368606646,85.48166839519229,4.27361253069291,277.95834461195165,C_HighDemand
149,187.01563540213857,86.28222508143278,5.8829402174829974,279.18080070105435,C_HighDemand
151,188.8129547677159,86.63566990080363,7.627875827495414,283.07650049601494,C_HighDemand
153,191.53257530310702,87.64822539794733,4.821107358906321,284.00190805996067,C_HighDemand
152,189.63268623611646,88.32565837583519,6.709750389197382,284.668095001149,C_HighDemand
154,193.3538715636367,89.72262893237826,4.5695782252917985,287.64607872130676,C_HighDemand
156,195.90939717589936,88.75869782524967,4.501611341056321,289.16970634220536,C_HighDemand
155,195.17277692736351,88.82913113259715,6.598771315069751,290.60067937503044,C_HighDemand
157,197.3269138244883,90.31916489681848,4.478276012629735,292.1243547339365,C_HighDemand
160,201.54515428333696,90.57920045059956,4.504749372827827,296.6291041067643,C_HighDemand
158,199.30776341993555,89.8619429222698,7.701818353650915,296.8715246958563,C_HighDemand
159,199.81949808066378,90.78118129436666,7.514027728662914,298.1147071036934,C_HighDemand
161,202.4942224116369,94.1348816951274,5.89992390597841,302.52902801274274,C_HighDemand
162,203.19565908322696,93.67586561262934,6.273528118515358,303.14505281437164,C_HighDemand
163,203.8688020888556,94.24590501483777,5.210798996524037,303.3255061002174,C_HighDemand
164,204.52935605541973,97.99967195732302,3.8484569809902736,306.377484993733,C_HighDemand
165,205.85919151674696,97.28586129762468,3.423977683625609,306.56903049799723,C_HighDemand
166,207.2664362572923,96.05906984292511,5.577260049576083,308.9027661497935,C_HighDemand
169,212.1522162129471,96.75054993684637,3.122126938634132,312.02489308842763,C_HighDemand
168,210.29421147632812,96.27481902166912,6.363978352785836,312.93300885078304,C_HighDemand
167,208.8428545380005,97.5346304557325,6.755690687703661,313.1331756814366,C_HighDemand
170,213.9213717828894,98.10352130553824,3.3641411459228454,315.3890342343505,C_HighDemand
171,214.83639211884778,98.09661673193526,5.072205054988597,318.00521390577165,C_HighDemand
172,215.34171065247946,97.79146502895716,6.148826903688569,319.2820025851252,C_HighDemand
173,216.9983894870089,98.39064474734161,5.471885845052185,320.8609200794027,C_HighDemand
174,218.6102358495308,99.39497805624086,3.0277240906901586,321.03293799646184,C_HighDemand
176,220.26627077741435,100.59464930198837,3.879433408532658,324.74035348793535,C_HighDemand
175,219.75176622800183,99.53023635712339,6.850230942870125,326.1322335279953,C_HighDemand
177,220.879136567525,100.15380142893684,7.789830211397699,328.82276820785955,C_HighDemand
178,222.73502942486485,102.0053240630705,5.282309127350863,330.0226626152862,C_HighDemand
179,224.48692195469388,101.64531157330143,6.337888662931766,332.4701221909271,C_HighDemand
180,225.2090626330451,103.61370557481445,5.977261592347098,334.80002980020663,C_HighDemand
181,225.90023091196832,104.12243170331789,7.457129629052185,337.4797922443384,C_HighDemand
182,226.86261843686353,105.60750375406357,6.596369806379835,339.0664919973069,C_HighDemand
183,228.7110906699774,106.08893913022922,5.739359753054142,340.5393895532608,C_HighDemand
185,231.4337722336015,107.63271976370541,4.295957742325097,343.362449739632,C_HighDemand
184,230.5594776247671,106.92031461957129,6.7182772107979245,344.1980694551363,C_HighDemand
186,232.08796266610918,108.4514268871516,6.829068421485827,347.3684579747466,C_HighDemand
188,235.58433908109285,108.61373037404346,3.387416769323679,347.58548622446,C_HighDemand
187,233.75813702891634,109.60431271071565,4.372987234587692,347.7354369742197,C_HighDemand
189,237.47916060463336,109.88929737011324,3.6918703075807784,351.06032828232736,C_HighDemand
190,239.2760691489633,108.3094170754967,4.156307398640934,351.74179362310093,C_HighDemand
191,241.0981934559583,106.63724351826139,6.4697490614952615,354.2051860357149,C_HighDemand
193,243.70131836551056,108.04047525759037,4.034171947572052,355.775965570673,C_HighDemand
192,242.7030401635909,108.35728811873645,5.7130557025195765,356.77338398484693,C_HighDemand
194,245.59754219458304,108.60764384113187,5.920397071021126,360.12558310673603,C_HighDemand
195,247.39363823714595,108.38232733352706,7.283660161519672,363.05962573219267,C_HighDemand
196,249.07470000084916,107.69868398399777,6.827972880590347,363.60135686543725,C_HighDemand
197,249.7368434404536,110.38873966628242,7.267239752845523,367.39282285958154,C_HighDemand
198,251.54509361481274,111.51453211737993,5.095106413149109,368.15473214534177,C_HighDemand
199,253.26997352320814,110.33138334222912,5.730661548669195,369.33201841410647,C_HighDemand
200,254.46042837522654,112.932394484355,5.179179880233183,372.5720027398147,C_HighDemand
201,256.15344662395586,112.00128552138591,4.680647718491912,372.8353798638337,C_HighDemand
202,256.68894327600805,112.64307513809842,5.021583345688185,374.3536017597946,C_HighDemand
204,258.4710308852962,114.36434897853746,3.1348322595256883,375.9702121233594,C_HighDemand
205,259.389718374379,114.96388338541561,3.135510231701562,377.4891119914962,C_HighDemand
203,257.47863795849963,115.09336478131507,6.111284804870324,378.683287544685,C_HighDemand
206,260.4892359509191,115.48097617244025,3.678497436152821,379.6487095595122,C_HighDemand
207,262.46096048171654,115.02815150977966,3.2514231674431375,380.74053515893934,C_HighDemand
208,263.76528408043464,114.91800346425038,4.058301421057408,382.74158896574244,C_HighDemand
209,265.6741397909217,113.97456976859053,6.8061485394701355,386.45485809898236,C_HighDemand
211,267.3401910589649,115.40139790677756,4.261357658911903,387.0029466246543,C_HighDemand
210,266.4419915151804,114.29854364375893,6.760049117773924,387.50058427671325,C_HighDemand
212,268.00279487978696,118.4520632191954,4.74980171860092,391.20465981758326,C_HighDemand
213,269.15464051763394,117.84830610702039,6.2507204662493745,393.2536670909037,C_HighDemand
214,270.12515648892645,117.3754277877868,6.258773276219447,393.7593575529327,C_HighDemand
215,271.5344697688857,119.67019004869758,3.9968034118126647,395.2014632293959,C_HighDemand
216,272.8016043583899,120.45206273251381,3.6311048743710312,396.88477196527475,C_HighDemand
218,275.44257543415824,119.75888779523768,4.089822704532518,399.29128593392846,C_HighDemand
217,273.879397508407,119.87996004452572,5.819847909650095,399.5792054625828,C_HighDemand
219,275.94511235148616,120.93965961378859,3.838945716839011,400.7237176821138,C_HighDemand
221,278.8319353458426,120.7472701167402,3.5726643568944882,403.1518698194773,C_HighDemand
220,277.25279034712537,122.0384955868031,6.739628259776429,406.0309141937049,C_HighDemand
222,280.33787810249214,120.38583957962163,7.823603865170439,408.5473215472842,C_HighDemand
223,280.9428388191816,122.20903100029574,6.386736434252044,409.53860625372937,C_HighDemand
224,282.4391953465485,123.59171884715641,6.575073525247342,412.60598771895224,C_HighDemand
225,283.4344954006124,125.11282614667181,6.136211978005222,414.6835335252894,C_HighDemand
227,286.1704453131848,126.43554240576742,3.6052753253365757,416.2112630442888,C_HighDemand
226,285.20651831987186,124.33208793385751,6.86240442475612,416.4010106784855,C_HighDemand
229,288.38663525670023,127.82462778758855,4.852854381090281,421.06411742537904,C_HighDemand
228,287.28303467611363,127.40049884917579,6.913176731805098,421.5967102570945,C_HighDemand
230,289.07756695528894,127.32344372319653,5.529803948385389,421.93081462687087,C_HighDemand
231,290.2082364559483,130.85588096943076,3.527694353219993,424.59181177859904,C_HighDemand
232,291.72421337385737,129.87249688323715,6.177925530507229,427.77463578760177,C_HighDemand
233,293.14748574778446,128.7833288790864,7.143536555012291,429.0743511818832,C_HighDemand
234,294.469391567488,130.12242021111103,5.177435725038386,429.7692475036374,C_HighDemand
235,294.9700004770339,132.80463531056785,4.350411981937004,432.12504776953875,C_HighDemand
236,295.90037105233733,133.17398012954584,5.690864532241279,434.76521571412445,C_HighDemand
237,297.04520327732206,132.72404422631536,5.417487519415981,435.1867350230534,C_HighDemand
238,298.2426855626926,133.88236220684615,4.341977690246127,436.4670254597849,C_HighDemand
239,299.06323766417626,135.7019780499482,3.433314490278372,438.1985302044028,C_HighDemand
241,302.12478818178266,134.34223727800224,4.21931719595478,440.6863426557397,C_HighDemand
240,300.27301694304026,134.91371808001315,7.40815592001386,442.5948909430673,C_HighDemand
242,303.81882532197284,134.37970488242996,4.89494652064132,443.0934767250441,C_HighDemand
243,305.26823660562155,135.41810605011813,3.9091992857884588,444.59554194152815,C_HighDemand
244,306.2710189887363,136.32387195433103,4.701694215821418,447.2965851588887,C_HighDemand
246,308.83561518453723,135.75992675699092,4.3813428787809245,448.97688482030907,C_HighDemand
245,307.9986541855413,135.09482253950284,7.401599898791127,450.49507662383525,C_HighDemand
247,309.6343100836271,137.66227507526162,3.428064809790106,450.7246499686788,C_HighDemand
248,310.50157389974464,138.47531092056443,5.442889234243937,454.419774054553,C_HighDemand
249,311.71427841607283,138.78079820776242,6.453046697232615,456.94812332106784,C_HighDemand
250,313.4888849580099,137.2357650106689,6.229514498704761,456.9541644673836,C_HighDemand
251,314.2805378131195,140.13923624143348,4.10798200236265,458.5277560569156,C_HighDemand
253,316.6910458482229,140.26311861916065,5.366302443797624,462.3204669111812,C_HighDemand
252,315.82506918885525,141.1230541322126,5.907777926661836,462.85590124772966,C_HighDemand
254,318.1751328648906,140.35262319202502,6.7296771835680484,465.2574332404837,C_HighDemand
256,320.4614605246636,142.39444072306605,3.603279423761529,466.4591806714912,C_HighDemand
255,319.8015795798183,142.51888733136292,4.257018381004707,466.5774852921859,C_HighDemand
258,322.8761164412433,143.58306423024789,4.081923199393028,470.5411038708842,C_HighDemand
259,323.45144401895425,143.12604127323164,5.420992936063543,471.99847822824944,C_HighDemand
257,321.5991798155777,143.65825342490598,6.810948047420515,472.06838128790423,C_HighDemand
260,324.3252414384442,146.21586243244002,4.414993516374775,474.956097387259,C_HighDemand
261,326.0977459594717,145.90073226877774,3.9705878904553673,475.9690661187048,C_HighDemand
262,327.7998708620551,144.26851042584912,4.137415817412774,476.205797105317,C_HighDemand
265,333.12574743846216,143.08004966685485,3.6313974647920446,479.83719457010903,C_HighDemand
1,1.4591401976868257,0.0,4.3751465918455965,5.834286789532422,D_HighDemand+MoreWorkers
2,1.996656330520826,0.0,6.682356070820062,8.679012401340888,D_HighDemand+MoreWorkers
6,5.521625746979657,0.31266104255276517,3.1326798484193183,8.96696663795174,D_HighDemand+MoreWorkers
5,4.9769299178225515,0.0,4.093189874018017,9.070119791840568,D_HighDemand+MoreWorkers
4,4.346521668878427,0.0,5.109609098426352,9.45613076730478,D_HighDemand+MoreWorkers
3,2.8314724377440603,0.0,7.460897838524227,10.292370276268286,D_HighDemand+MoreWorkers
8,7.577915155164674,1.3890514827870666,4.102203110203483,13.069169748155224,D_HighDemand+MoreWorkers
7,6.779658679134701,1.899353722206187,5.724707403016083,14.403719804356971,D_HighDemand+MoreWorkers
11,10.946388477164914,0.0,4.70125258258996,15.647641059754875,D_HighDemand+MoreWorkers
9,9.05274181183396,0.01737798000660895,7.047152283389133,16.1172720752297,D_HighDemand+MoreWorkers
10,10.436640337647823,0.0,7.02909625916404,17.465736596811862,D_HighDemand+MoreWorkers
13,13.226816819364927,1.1769029849920436,3.48358188416732,17.88730168852429,D_HighDemand+MoreWorkers
12,12.493597569647255,0.5755721785079686,7.786065361033906,20.85523510918913,D_HighDemand+MoreWorkers
14,14.231708637033867,1.4159324227210082,6.018630156834456,21.66627121658933,D_HighDemand+MoreWorkers
17,18.236666631666008,0.0,4.892671886041768,23.129338517707776,D_HighDemand+MoreWorkers
16,16.64206895162528,0.8236676451865819,5.681140457273504,23.146877054085365,D_HighDemand+MoreWorkers
15,14.870827402104089,1.2464446731256107,7.035641366371901,23.1529134416016,D_HighDemand+MoreWorkers
18,20.196340277635063,0.6588948315540684,7.1470233212649745,28.002258430454106,D_HighDemand+MoreWorkers
22,24.88694564645991,0.0,3.3989598846181375,28.285905531078047,D_HighDemand+MoreWorkers
21,24.318209070976415,0.0,4.139491378257734,28.45770044923415,D_HighDemand+MoreWorkers
19,21.524401224544903,0.14186999204442685,7.308534501553886,28.974805718143216,D_HighDemand+MoreWorkers
20,22.95218085309127,0.17715766461650517,6.522859181074617,29.652197698782395,D_HighDemand+MoreWorkers
25,27.32171606551921,1.1359843837149377,4.047535153857439,32.50523560309159,D_HighDemand+MoreWorkers
24,26.670213921404617,1.61569160967343,4.850904835584413,33.13681036666246,D_HighDemand+MoreWorkers
26,28.23867647018435,0.7361292479588677,4.334889110245567,33.309694828388785,D_HighDemand+MoreWorkers
23,25.82102759186307,2.181230838591034,6.178422221322001,34.18068065177611,D_HighDemand+MoreWorkers
27,29.285924738639473,0.366272960142922,6.240176926232968,35.892374625015364,D_HighDemand+MoreWorkers
28,31.190906620208214,1.314328982883378,3.855693240990485,36.360928844082075,D_HighDemand+MoreWorkers
29,32.604603128708696,0.532207237953763,3.817012468809642,36.9538228354721,D_HighDemand+MoreWorkers
31,35.26747648827069,0.0,5.784748718873232,41.05222520714392,D_HighDemand+MoreWorkers
30,34.19829332563422,0.0,7.9476167531829764,42.145910078817195,D_HighDemand+MoreWorkers
33,38.25439750453664,0.0,4.145240359820522,42.39963786435716,D_HighDemand+MoreWorkers
32,36.727476128051826,0.0,7.214259600949048,43.941735729000875,D_HighDemand+MoreWorkers
34,39.91839737185601,0.0,4.577265240295409,44.49566261215142,D_HighDemand+MoreWorkers
35,40.46654773771207,0.5856774694318503,4.054914217931632,45.10713942507555,D_HighDemand+MoreWorkers
36,41.368159051675626,0.7777510271415693,7.381838132363344,49.52774821118054,D_HighDemand+MoreWorkers
37,43.28252362317821,0.0,6.2771933264744,49.55971694965261,D_HighDemand+MoreWorkers
39,45.34798829596692,0.0,4.324400832490262,49.67238912845718,D_HighDemand+MoreWorkers
38,44.25454044437593,0.0,7.572737948702717,51.82727839307864,D_HighDemand+MoreWorkers
40,46.53626607484802,0.0,5.806840670815754,52.343106745663775,D_HighDemand+MoreWorkers
42,48.3003197491734,1.2593972004792136,4.997002525701986,54.5567194753546,D_HighDemand+MoreWorkers
44,50.50617987324463,1.3210985198340097,3.235581877123673,55.062860270202314,D_HighDemand+MoreWorkers
45,51.77046931375933,0.5726374319044467,3.548245651753296,55.89135239741707,D_HighDemand+MoreWorkers
41,47.406207336388995,2.121540874791542,7.4891144180123845,57.01686262919292,D_HighDemand+MoreWorkers
43,49.67719873450871,0.0,7.9876880324755515,57.66488676698426,D_HighDemand+MoreWorkers
47,53.84800249457466,1.2148577756276566,3.3176385307597855,58.3804988009621,D_HighDemand+MoreWorkers
46,52.40683343202002,2.1498860433345754,5.110799833998421,59.66751930935302,D_HighDemand+MoreWorkers
50,57.90222198852761,0.0,3.0574051097140984,60.959627098241704,D_HighDemand+MoreWorkers
48,55.5361215411191,0.3552308562979718,7.980606901200484,63.871959298617554,D_HighDemand+MoreWorkers
49,56.6085504708789,0.40831215831401835,7.855391888068091,64.87225451726101,D_HighDemand+MoreWorkers
52,61.27447427091965,0.0,4.334125949762714,65.60860022068236,D_HighDemand+MoreWorkers
51,59.69339154187936,0.0,6.408551845132874,66.10194338701223,D_HighDemand+MoreWorkers
53,62.57992976653284,0.0,3.557760867979382,66.13769063451223,D_HighDemand+MoreWorkers
54,64.04137246440256,0.0,5.268618531646032,69.30999099604858,D_HighDemand+MoreWorkers
55,65.19352034040621,0.0,7.37926470189097,72.57278504229718,D_HighDemand+MoreWorkers
56,67.12424423168783,0.0,5.502930565251491,72.62717479693931,D_HighDemand+MoreWorkers
58,68.78730562860966,0.0,4.492223957243164,73.27952958585283,D_HighDemand+MoreWorkers
57,68.01932780781446,0.0,7.563139196724102,75.58246700453857,D_HighDemand+MoreWorkers
59,70.59308348336481,0.0,6.044851057190861,76.63793454055568,D_HighDemand+MoreWorkers
62,74.08983517366771,0.0,3.0028594806397173,77.09269465430742,D_HighDemand+MoreWorkers
63,75.38536568196048,0.1971013225780922,3.0973837119291616,78.67985071646774,D_HighDemand+MoreWorkers
60,72.05150772566381,0.5212773166333733,6.812554000375757,79.38533904267294,D_HighDemand+MoreWorkers
61,72.78076662848827,0.0,6.893132393152792,79.67389902164106,D_HighDemand+MoreWorkers
65,78.26524769186442,0.0,4.537570627013308,82.80281831887773,D_HighDemand+MoreWorkers
67,80.59963373564747,0.0,3.428267260339394,84.02790099598687,D_HighDemand+MoreWorkers
64,76.37159976746749,0.26633477308818954,7.393609389115921,84.0315439296716,D_HighDemand+MoreWorkers
68,82.52005790359446,0.0,3.346062592341918,85.86612049593639,D_HighDemand+MoreWorkers
66,80.0127459859062,0.0,7.390047996020202,87.4027939819264,D_HighDemand+MoreWorkers
71,86.08253404320487,0.0,4.325283144700295,90.40781718790517,D_HighDemand+MoreWorkers
69,83.74904359856939,0.0,6.829172146534939,90.57821574510433,D_HighDemand+MoreWorkers
70,85.38994684645523,0.0,5.376411890493657,90.76635873694889,D_HighDemand+MoreWorkers
72,87.40723943344729,0.0,5.115689701004435,92.52292913445172,D_HighDemand+MoreWorkers
74,90.0335863032383,0.37423088466687204,4.00575531694848,94.41357250485365,D_HighDemand+MoreWorkers
73,89.21588899507518,0.0,5.696480443897292,94.91236943897246,D_HighDemand+MoreWorkers
77,94.07087443028378,0.0,3.6050209793413286,97.67589540962511,D_HighDemand+MoreWorkers
76,92.5960573438246,0.0,5.190500419572521,97.78655776339711,D_HighDemand+MoreWorkers
75,91.62848290687326,0.0,7.975746783304473,99.60422969017773,D_HighDemand+MoreWorkers
78,95.34723819183716,0.0,4.690427810737276,100.03766600257444,D_HighDemand+MoreWorkers
79,96.1842841973845,0.0,4.150573662982885,100.33485786036738,D_HighDemand+MoreWorkers
80,97.56674727507036,0.1091481345547578,3.3549654300451626,101.03086083967028,D_HighDemand+MoreWorkers
81,98.3970733517477,0.0,4.1447089190557715,102.54178227080347,D_HighDemand+MoreWorkers
83,101.70185780716203,0.0,4.190023171844976,105.891880979007,D_HighDemand+MoreWorkers
84,102.30814383199501,0.0,4.071184036852193,106.3793278688472,D_HighDemand+MoreWorkers
82,99.84372778765284,0.0,7.298177001268733,107.14190478892156,D_HighDemand+MoreWorkers
86,104.51007827252697,0.0,5.36335513155897,109.87343340408594,D_HighDemand+MoreWorkers
88,107.54357204895102,0.0,3.4846540711441167,111.02822612009514,D_HighDemand+MoreWorkers
85,103.81161049943942,0.0,7.677571202903355,111.48918170234278,D_HighDemand+MoreWorkers
87,105.86664291251489,0.02523806649210769,7.037484988833217,112.92936596784021,D_HighDemand+MoreWorkers
89,108.32918692049384,0.0,5.117893115099604,113.44708003559344,D_HighDemand+MoreWorkers
90,109.4757636941034,0.39766970998253726,6.645379247299253,116.51881265138519,D_HighDemand+MoreWorkers
92,112.18634751709837,0.0,5.013106410511344,117.19945392760971,D_HighDemand+MoreWorkers
94,113.84292823191876,0.0,3.9510445422040577,117.79397277412282,D_HighDemand+MoreWorkers
91,110.67630069615842,0.35192542393672,7.9208260568298305,118.94905217692497,D_HighDemand+MoreWorkers
93,112.83397432382631,0.0953916440139011,7.308362681763955,120.23772864960416,D_HighDemand+MoreWorkers
95,114.7159127327992,1.802899918585993,4.392725723334703,120.9115383747199,D_HighDemand+MoreWorkers
97,117.0216555143005,0.7723172598223158,5.215653725267285,123.00962649939011,D_HighDemand+MoreWorkers
98,117.89636518612366,1.0526869908013055,5.751626562249241,124.70067873917421,D_HighDemand+MoreWorkers
96,115.8888330545489,1.310620873060813,7.616327996380064,124.81578192398977,D_HighDemand+MoreWorkers
99,119.68838884326641,0.5493398063377555,7.996412342063633,128.2341409916678,D_HighDemand+MoreWorkers
100,120.26427133755374,0.6472670371661593,7.8449812864237565,128.75651966114364,D_HighDemand+MoreWorkers
102,123.90786318968586,0.7928155494883526,4.068736495995909,128.76941523517013,D_HighDemand+MoreWorkers
103,124.65732985559173,0.1584520683980486,5.005201462747263,129.82098338673703,D_HighDemand+MoreWorkers
101,122.01831271517366,0.9913137842164446,7.243478672071527,130.25310517146164,D_HighDemand+MoreWorkers
104,125.88579154376781,2.3483494478999916,4.326015290860759,132.56015628252857,D_HighDemand+MoreWorkers
106,127.54220432219145,1.227210912978677,5.275041836695717,134.04445707186585,D_HighDemand+MoreWorkers
105,126.47374464372608,2.2827750174175634,6.920353009742847,135.6768726708865,D_HighDemand+MoreWorkers
109,132.64781285108535,0.0,3.773984126370321,136.42179697745567,D_HighDemand+MoreWorkers
108,130.65467881684629,0.0,5.778841617028091,136.43352043387438,D_HighDemand+MoreWorkers
107,129.52016758786104,0.30081579887598764,7.786588204298366,137.6075715910354,D_HighDemand+MoreWorkers
112,136.53925743849607,0.0,3.2858263645374155,139.8250838030335,D_HighDemand+MoreWorkers
111,135.17048700227167,0.5063856686148256,5.7109760068713715,141.38784867775786,D_HighDemand+MoreWorkers
110,134.22542526402984,0.0,7.843546824845794,142.06897208887563,D_HighDemand+MoreWorkers
114,139.5374871707531,0.0,3.7871636396974164,143.32465081045052,D_HighDemand+MoreWorkers
113,138.16122077906465,0.0,5.514251914597567,143.67547269366221,D_HighDemand+MoreWorkers
115,141.31656700882553,0.0,3.4005573262029345,144.71712433502847,D_HighDemand+MoreWorkers
117,144.0364728052083,0.0,4.176019475004656,148.21249228021296,D_HighDemand+MoreWorkers
116,143.2577353637372,0.0,5.975175532250138,149.23291089598735,D_HighDemand+MoreWorkers
120,147.09844457821805,0.0,5.096124576679363,152.1945691548974,D_HighDemand+MoreWorkers
119,146.22912155653512,0.0,5.972595767667206,152.20171732420232,D_HighDemand+MoreWorkers
118,145.54929163561442,0.0,7.4514365706471875,153.0007282062616,D_HighDemand+MoreWorkers
122,149.90302527765303,0.0,4.021295997117682,153.9243212747707,D_HighDemand+MoreWorkers
121,148.5275168437162,0.0,5.613913577659794,154.141430421376,D_HighDemand+MoreWorkers
123,151.80508466425766,0.3894844906397452,4.19342976307923,156.38799891797663,D_HighDemand+MoreWorkers
126,155.4230467553268,0.0,3.3627155724657865,158.78576232779258,D_HighDemand+MoreWorkers
125,154.47305113562865,0.0,4.58088598135927,159.05393711698792,D_HighDemand+MoreWorkers
124,153.37937236544178,0.0,6.358451114799856,159.73782348024164,D_HighDemand+MoreWorkers
128,158.2382717778763,0.0,3.3663036054981648,161.60457538337445,D_HighDemand+MoreWorkers
129,160.23241644965893,0.0,4.326002073752006,164.55841852341092,D_HighDemand+MoreWorkers
127,157.0508434939484,0.0,7.992272204272211,165.04311569822062,D_HighDemand+MoreWorkers
131,162.95203698505006,0.0,4.84763544369442,167.7996724287445,D_HighDemand+MoreWorkers
130,161.0521479180595,0.0,7.4043208684321975,168.45646878649168,D_HighDemand+MoreWorkers
133,165.50756259731273,0.0,6.0583888286297505,171.56595142594247,D_HighDemand+MoreWorkers
132,164.77094234877688,0.0,7.168724773199035,171.93966712197593,D_HighDemand+MoreWorkers
134,167.0628724849438,0.0,6.2698815885536625,173.33275407349745,D_HighDemand+MoreWorkers
137,170.50452486941924,1.0614265565232301,3.6714555719668387,175.23740699790932,D_HighDemand+MoreWorkers
136,169.5554567411193,0.0,6.316943574830386,175.87240031594968,D_HighDemand+MoreWorkers
138,172.4129198753099,0.0,3.535179888547088,175.948099763857,D_HighDemand+MoreWorkers
135,169.04372208039106,0.0,7.085520675577309,176.12924275596836,D_HighDemand+MoreWorkers
139,173.08606288093856,0.24669119255889882,4.361741061574081,177.69449513507155,D_HighDemand+MoreWorkers
140,174.4158983422658,0.8215086556435267,6.588060935693989,181.8254679336033,D_HighDemand+MoreWorkers
141,175.82314308281113,0.04925723313854746,6.171189794425398,182.04359011037508,D_HighDemand+MoreWorkers
142,176.6285390513023,0.0,5.442659260746883,182.0711983120492,D_HighDemand+MoreWorkers
144,179.38251964036692,0.0,5.117878862818632,184.50039850318555,D_HighDemand+MoreWorkers
143,177.52451490374793,0.0,7.230518566474277,184.7550334702222,D_HighDemand+MoreWorkers
146,180.93598767789442,1.107602432480661,4.309776312171741,186.35336642254683,D_HighDemand+MoreWorkers
148,183.09798504605553,1.4024134571300237,3.0483484980416997,187.54874700122724,D_HighDemand+MoreWorkers
145,180.02096734193603,1.8045005916672778,6.185566886506898,188.0110348201102,D_HighDemand+MoreWorkers
149,184.42550567774512,0.3295277924770801,3.3762193003688354,188.13125277059103,D_HighDemand+MoreWorkers
147,181.4413062115261,0.629892100523108,6.706154541739654,188.77735285378887,D_HighDemand+MoreWorkers
152,188.71008107997466,0.0,3.740468927837413,192.45055000781207,D_HighDemand+MoreWorkers
150,185.56703605621615,0.7863303663306738,7.519642857799465,193.87300928034628,D_HighDemand+MoreWorkers
153,190.08384542970936,0.0,4.541291749650668,194.62513717936002,D_HighDemand+MoreWorkers
151,187.39169564616637,0.1570513550608723,7.172975099430084,194.72172210065733,D_HighDemand+MoreWorkers
154,190.77501370863257,0.0,6.980611524440208,197.75562523307278,D_HighDemand+MoreWorkers
156,194.4145398147478,0.0,4.247648696114622,198.66218851086242,D_HighDemand+MoreWorkers
155,192.62348594174645,0.0,7.494623182632373,200.11810912437883,D_HighDemand+MoreWorkers
158,195.88384505476512,0.0,5.031886949160584,200.9157320039257,D_HighDemand+MoreWorkers
159,197.71004710694163,0.0455781261311472,3.7727666916610234,201.5283919247338,D_HighDemand+MoreWorkers
157,195.22965462225744,0.0,6.900581209357213,202.13023583161464,D_HighDemand+MoreWorkers
162,203.00016994510466,0.0,3.1239318094909434,206.1241017545956,D_HighDemand+MoreWorkers
160,199.1410393721677,0.0,7.32302848109982,206.46406785326752,D_HighDemand+MoreWorkers
161,201.03586089570823,0.0,7.053858599701984,208.0897194954102,D_HighDemand+MoreWorkers
163,204.82229425209965,0.0,4.660927339732144,209.4832215918318,D_HighDemand+MoreWorkers
164,206.42714095973227,0.0,7.0111756946856945,213.43831665441797,D_HighDemand+MoreWorkers
165,208.32336478880475,0.0,7.053746582871945,215.3771113716767,D_HighDemand+MoreWorkers
168,211.68181283536381,0.0,4.112168587728322,215.79398142309213,D_HighDemand+MoreWorkers
166,210.11946083136766,0.0,6.936872545677356,217.056333377045,D_HighDemand+MoreWorkers
167,211.01966939575937,0.0,7.360833914530449,218.3805033102898,D_HighDemand+MoreWorkers
169,213.4697027123705,0.0,5.3015161733947105,218.7712188857652,D_HighDemand+MoreWorkers
171,216.15236892177379,0.0,3.1183221735072575,219.27069109528105,D_HighDemand+MoreWorkers
172,216.99376215288544,0.06257122415956928,4.641309755988533,221.69764313303355,D_HighDemand+MoreWorkers
170,215.19458262076589,0.18252875091081933,6.976727495764309,222.35383886744103,D_HighDemand+MoreWorkers
174,219.57998624842241,0.0,6.207408693038138,225.78739494146055,D_HighDemand+MoreWorkers
173,217.783456835377,0.5970464749128155,7.834445520241806,226.21494883053163,D_HighDemand+MoreWorkers
175,220.49867373750521,0.0,7.905748435991301,228.40442217349653,D_HighDemand+MoreWorkers
176,221.5981913140453,0.09945181898825695,7.696185701623579,229.39382883465714,D_HighDemand+MoreWorkers
179,224.3433792647992,1.8715695657324147,3.5420127360735556,229.75696156660518,D_HighDemand+MoreWorkers
178,223.57552754054052,2.2118674009200276,4.327331812614843,230.11472675407538,D_HighDemand+MoreWorkers
177,222.90251491276337,0.0,7.8520030551111395,230.7545179678745,D_HighDemand+MoreWorkers
180,226.28718073844155,2.1172414350549786,4.5683865709749565,232.97280874447148,D_HighDemand+MoreWorkers
182,229.03184396726758,0.725117599337608,4.925977166723635,234.68293873332883,D_HighDemand+MoreWorkers
183,230.44115724722678,0.0,4.27361253069291,234.71476977791968,D_HighDemand+MoreWorkers
184,231.80603931247168,0.0,3.0084563910931474,234.81449570356483,D_HighDemand+MoreWorkers
181,227.43902637628852,1.9548024583686185,5.557115298347391,234.95094413300453,D_HighDemand+MoreWorkers
185,233.36921723822294,0.0,5.692259985463959,239.0614772236869,D_HighDemand+MoreWorkers
187,236.83672498518882,0.0,4.821107358906321,241.65783234409514,D_HighDemand+MoreWorkers
186,235.25757998647157,0.0,6.709750389197382,241.96733037566895,D_HighDemand+MoreWorkers
189,238.9476284585278,0.0,4.5695782252917985,243.51720668381958,D_HighDemand+MoreWorkers
188,238.3426677418383,0.0,6.321188424556362,244.66385616639468,D_HighDemand+MoreWorkers
191,241.7149514318512,0.0,4.546423311043267,246.26137474289447,D_HighDemand+MoreWorkers
190,239.9429285125917,0.0,6.598771315069751,246.54169982766143,D_HighDemand+MoreWorkers
193,243.77802419709693,0.0,3.636438995295766,247.4144631923927,D_HighDemand+MoreWorkers
192,242.6654348341681,0.0,5.012001935288623,247.67743676945673,D_HighDemand+MoreWorkers
197,248.79142579338136,0.0,3.002029698486438,251.7934554918678,D_HighDemand+MoreWorkers
196,247.3681534194543,0.0,4.504749372827827,251.87290279228213,D_HighDemand+MoreWorkers
194,244.72150700088585,0.0,7.701818353650915,252.42332535453676,D_HighDemand+MoreWorkers
195,245.85217650154522,0.40919824134925875,7.514027728662914,253.77540247155738,D_HighDemand+MoreWorkers
198,250.1133316130849,0.0,5.149440749949173,255.2627723630341,D_HighDemand+MoreWorkers
200,252.41367936018182,0.0,5.210798996524037,257.6244783567059,D_HighDemand+MoreWorkers
199,251.0437021883883,0.7497533034795083,6.273528118515358,258.06698361038315,D_HighDemand+MoreWorkers
201,253.61116164555233,0.0,5.365930929546631,258.97709257509894,D_HighDemand+MoreWorkers
203,256.2834849857784,0.0,3.423977683625609,259.707462669404,D_HighDemand+MoreWorkers
202,254.43171374703599,0.0,6.980123800633901,261.4118375476699,D_HighDemand+MoreWorkers
204,257.03802208007545,0.5864562766304289,6.164704278828978,263.78918263553487,D_HighDemand+MoreWorkers
207,260.9406896843741,0.0,3.995649663632883,264.936339348007,D_HighDemand+MoreWorkers
205,258.3112000949483,0.0,7.092117322683321,265.40331741763157,D_HighDemand+MoreWorkers
206,259.313982478063,0.0,6.363978352785836,265.67796083084886,D_HighDemand+MoreWorkers
208,261.77765068337004,0.0,4.224212720391751,266.0018634037618,D_HighDemand+MoreWorkers
209,262.3142887649603,1.47489387057459,3.3641411459228454,267.15332378145774,D_HighDemand+MoreWorkers
211,265.30159982322556,0.10171759440601136,3.9721761836985463,269.3754936013301,D_HighDemand+MoreWorkers
210,263.52699328128847,1.4093460667185127,5.072205054988597,270.0085444029956,D_HighDemand+MoreWorkers
212,266.74624789433216,0.0,5.471885845052185,272.21813373938437,D_HighDemand+MoreWorkers
215,269.6650731566426,0.0,3.5329364828176946,273.19800963946034,D_HighDemand+MoreWorkers
213,268.2907792700679,0.0,6.28029005555892,274.5710693256268,D_HighDemand+MoreWorkers
216,271.3201424395037,0.0,3.879433408532658,275.1995758480363,D_HighDemand+MoreWorkers
214,269.1567559294356,0.0,6.754822383092364,275.9115783125279,D_HighDemand+MoreWorkers
217,272.4578617304178,0.0,5.589788752218704,278.04765048263647,D_HighDemand+MoreWorkers
218,274.3948107938371,0.0,4.245991398299858,278.64080219213696,D_HighDemand+MoreWorkers
219,274.97013837154805,0.0,5.282309127350863,280.2524474988989,D_HighDemand+MoreWorkers
220,276.74264289257553,0.0,6.337888662931766,283.0805315555073,D_HighDemand+MoreWorkers
221,278.44476779515895,0.0,5.977261592347098,284.42202938750603,D_HighDemand+MoreWorkers
222,280.4266064747586,0.0,7.457129629052185,287.8837361038108,D_HighDemand+MoreWorkers
223,282.35166588742334,0.0,6.596369806379835,288.94803569380315,D_HighDemand+MoreWorkers
224,283.770644371566,0.0,7.152845848607075,290.92349022017305,D_HighDemand+MoreWorkers
226,286.34961954471885,0.0,5.373372184115267,291.72299172883413,D_HighDemand+MoreWorkers
227,287.96510270795824,0.0,4.236198687548297,292.20130139550656,D_HighDemand+MoreWorkers
225,285.0278116188026,0.0,7.486040516166311,292.51385213496894,D_HighDemand+MoreWorkers
230,291.592331905062,0.1306598237721346,3.387416769323679,295.1104084981578,D_HighDemand+MoreWorkers
228,288.85389003065575,0.09414566314740114,6.829068421485827,295.777104115289,D_HighDemand+MoreWorkers
231,292.5042280754383,0.0,4.358575535410923,296.8628036108492,D_HighDemand+MoreWorkers
229,290.31038218582,0.6131080343530471,6.133742184908907,297.05723240508195,D_HighDemand+MoreWorkers
232,293.432820301733,0.0,5.700761112592282,299.13358141432525,D_HighDemand+MoreWorkers
233,294.4123846543611,0.6980238437967046,4.156307398640934,299.26671589679876,D_HighDemand+MoreWorkers
235,296.660870465084,0.20193314576522425,5.037996848332933,301.9008004591821,D_HighDemand+MoreWorkers
234,295.1199457466354,0.6571583686535973,6.532095708472761,302.30919982376173,D_HighDemand+MoreWorkers
236,297.25721374115477,0.0,5.07887117051578,302.3360849116705,D_HighDemand+MoreWorkers
237,298.5711304519106,0.5624509624146299,5.100717588867128,304.2342990031924,D_HighDemand+MoreWorkers
238,299.38138203618223,0.0,5.920397071021126,305.30177910720334,D_HighDemand+MoreWorkers
240,302.78192423343944,0.0,4.901905144638558,307.683829378078,D_HighDemand+MoreWorkers
239,301.2386397536925,0.6621607054896117,7.283660161519672,309.18446062070177,D_HighDemand+MoreWorkers
241,304.4303160976165,0.0,4.7587940133591236,309.18911011097566,D_HighDemand+MoreWorkers
243,306.5693729105816,0.0,5.095106413149109,311.6644793237307,D_HighDemand+MoreWorkers
242,304.93916022299254,0.0,7.267239752845523,312.20639997583805,D_HighDemand+MoreWorkers
245,310.12079192175383,0.0,4.102693471619094,314.2234853933729,D_HighDemand+MoreWorkers
244,308.49951841828675,0.0,5.730661548669195,314.230179966956,D_HighDemand+MoreWorkers
246,311.5256708051657,0.0,5.179179880233183,316.70485068539887,D_HighDemand+MoreWorkers
247,312.35480325709784,0.0,4.680647718491912,317.03545097558975,D_HighDemand+MoreWorkers
248,312.8983404870179,0.0,5.021583345688185,317.9199238327061,D_HighDemand+MoreWorkers
249,314.4170533145604,0.0,5.33695074616155,319.75400406072197,D_HighDemand+MoreWorkers
252,316.3965117851451,0.6389391904446597,3.135510231701562,320.1709612072913,D_HighDemand+MoreWorkers
250,315.16462041136566,0.0,6.111284804870324,321.27590521623597,D_HighDemand+MoreWorkers
253,317.48754216965466,0.4323816630514443,3.678497436152821,321.59842126885894,D_HighDemand+MoreWorkers
251,315.8560621072874,0.8487885781114528,5.821959915123871,322.52681060052277,D_HighDemand+MoreWorkers
254,318.9516666416687,0.8023374190532877,3.2514231674431375,323.0054272281651,D_HighDemand+MoreWorkers
255,320.1442143077459,0.026746899545400993,4.058301421057408,324.22926262834875,D_HighDemand+MoreWorkers
258,323.27182813469625,0.0,4.261357658911903,327.53318579360814,D_HighDemand+MoreWorkers
256,321.2128701040281,0.0630351122078423,6.8061485394701355,328.0820537557061,D_HighDemand+MoreWorkers
259,325.01971456242916,0.0,3.0969164352500536,328.11663099767924,D_HighDemand+MoreWorkers
257,322.2031388113501,0.0,6.760049117773924,328.963187929124,D_HighDemand+MoreWorkers
260,325.6425739115716,0.0,7.9995391425460465,333.64211305411766,D_HighDemand+MoreWorkers
261,326.9517024834554,0.5814833101527483,6.2507204662493745,333.78390625985753,D_HighDemand+MoreWorkers
262,327.9766429990357,0.10541075667043742,6.258773276219447,334.3408270319256,D_HighDemand+MoreWorkers
264,331.2798423795413,0.0,3.1019000866016615,334.381742466143,D_HighDemand+MoreWorkers
263,329.648492573452,0.0,7.748058663579944,337.396551237032,D_HighDemand+MoreWorkers
266,332.8074569217623,0.9764493380952217,4.089822704532518,337.87372896439007,D_HighDemand+MoreWorkers
268,335.0009766510035,0.0,3.838945716839011,338.8399223678425,D_HighDemand+MoreWorkers
265,332.0788834030851,1.5632296510325432,5.819847909650095,339.46196096376775,D_HighDemand+MoreWorkers
267,333.4967883840736,0.8440386478519599,6.497324856230755,340.83815188815635,D_HighDemand+MoreWorkers
271,338.7339943464426,0.10592802139990454,3.540493748288033,342.38041611613056,D_HighDemand+MoreWorkers
269,336.6513237985379,0.745227438494112,6.739628259776429,344.13617949680844,D_HighDemand+MoreWorkers
270,338.0621950393743,0.0,7.096505871555426,345.1587009109297,D_HighDemand+MoreWorkers
272,340.68107550599376,0.0,4.559786221973476,345.24086172796723,D_HighDemand+MoreWorkers
276,344.4445904535551,0.714110457374602,3.509506527229883,348.6682074381596,D_HighDemand+MoreWorkers
273,341.21959314424,0.0,7.790864191029479,349.01045733526945,D_HighDemand+MoreWorkers
274,342.7356140745156,0.0,6.575073525247342,349.3106875997629,D_HighDemand+MoreWorkers
275,343.83059573679054,0.3055837600178961,6.453072079664902,350.5892515764733,D_HighDemand+MoreWorkers
278,347.54417537438354,1.124032063776042,3.6052753253365757,352.27348276349613,D_HighDemand+MoreWorkers
277,345.8854540469567,0.0,7.251466195443982,353.13692024240066,D_HighDemand+MoreWorkers
279,348.9447927966088,0.06566453866065558,6.913176731805098,355.92363406707454,D_HighDemand+MoreWorkers
280,350.9205593238808,0.0,5.141890066173723,356.06244939005455,D_HighDemand+MoreWorkers
281,351.9413649718435,0.0,5.529803948385389,357.4711689202289,D_HighDemand+MoreWorkers
283,354.0090680484625,0.0,3.527694353219993,357.5367624016825,D_HighDemand+MoreWorkers
282,352.99722128617054,0.0,7.247878134997887,360.24509942116845,D_HighDemand+MoreWorkers
284,355.7425644255976,0.18106964147693816,6.177925530507229,362.1015595975818,D_HighDemand+MoreWorkers
285,357.68374577641947,0.0,6.536543218530385,364.22028899494984,D_HighDemand+MoreWorkers
287,360.58003746043465,0.0,4.350411981937004,364.93044944237164,D_HighDemand+MoreWorkers
286,359.42680674292313,0.0,6.668976520066959,366.0957832629901,D_HighDemand+MoreWorkers
288,362.52824805729176,0.0,5.690864532241279,368.21911258953304,D_HighDemand+MoreWorkers
289,364.2405468855019,0.0,5.177872465019472,369.41841935052133,D_HighDemand+MoreWorkers
290,365.4657931413267,0.0,4.341977690246127,369.80777083157284,D_HighDemand+MoreWorkers
291,367.06233246278435,0.0,7.153655094453017,374.2159875572374,D_HighDemand+MoreWorkers
293,369.4698965498969,0.0,5.323542333016158,374.79343888291305,D_HighDemand+MoreWorkers
294,370.3356917086833,0.0,4.89494652064132,375.23063822932465,D_HighDemand+MoreWorkers
292,368.83990220281333,0.0,7.40815592001386,376.2480581228272,D_HighDemand+MoreWorkers
296,372.29423926168425,1.9217482955531295,4.701694215821418,378.9176817730588,D_HighDemand+MoreWorkers
295,371.7511892650291,0.0,7.254764181562296,379.0059534465914,D_HighDemand+MoreWorkers
299,375.5819273579325,0.6661307648947172,3.0507555721933857,379.2988136950206,D_HighDemand+MoreWorkers
298,373.88517882269036,1.3454594066342906,6.505918751661008,381.73655698098565,D_HighDemand+MoreWorkers
297,373.0669990474208,1.7264398354922719,7.401599898791127,382.19503878170417,D_HighDemand+MoreWorkers
301,378.4184240882323,0.5875293583590633,5.442889234243937,384.4488426808353,D_HighDemand+MoreWorkers
300,376.4963302215668,2.421351551492023,6.600373320520971,385.5180550935798,D_HighDemand+MoreWorkers
304,382.1529448610045,0.04209392069964224,3.4652667527733585,385.6603055344775,D_HighDemand+MoreWorkers
302,379.0468435311694,0.25197016385124016,6.453046697232615,385.7518603922532,D_HighDemand+MoreWorkers
303,380.6840905113931,1.0524664695925594,5.45410667539293,387.1906636563786,D_HighDemand+MoreWorkers
305,383.842344163203,0.6064985176323034,6.458935776476009,390.9077784573113,D_HighDemand+MoreWorkers
307,385.6340478091069,0.02625772537061266,5.654609655728839,391.31491519020636,D_HighDemand+MoreWorkers
306,384.67473876391176,0.8433163296680277,5.907777926661836,391.4258330202416,D_HighDemand+MoreWorkers
308,386.8439385422462,0.0,6.7296771835680484,393.57361572581425,D_HighDemand+MoreWorkers
309,387.982194261304,0.0,6.514274710928845,394.49646897223283,D_HighDemand+MoreWorkers
310,388.9783812070979,1.9293972502133556,3.962921467257587,394.87069992456884,D_HighDemand+MoreWorkers
311,389.88475584756225,1.4301593426441173,3.597773706275264,394.91268889648165,D_HighDemand+MoreWorkers
312,390.7618613618637,0.6639716583779318,5.679319826918749,397.10515284716035,D_HighDemand+MoreWorkers
313,391.4428451889921,2.1307705368221264,4.081923199393028,397.6555389252073,D_HighDemand+MoreWorkers
316,395.0901522476938,0.0,4.414993516374775,399.5051457640686,D_HighDemand+MoreWorkers
314,393.0861296032183,1.4103393690145367,6.622925005465258,401.1193939776981,D_HighDemand+MoreWorkers
317,396.37710755135674,0.7280452958036108,4.137415817412774,401.2425686645731,D_HighDemand+MoreWorkers
318,397.0278967134929,0.6276422117143738,3.8972077184270164,401.5527466436343,D_HighDemand+MoreWorkers
315,393.86385436687476,1.0068455576940778,7.883035114415284,402.75373503898413,D_HighDemand+MoreWorkers
319,397.8190730806295,1.686072683439079,4.371556633916336,403.8767023979849,D_HighDemand+MoreWorkers
320,398.3402956315136,2.779098346184526,5.766794833993042,406.88618881169117,D_HighDemand+MoreWorkers
321,399.64149826541507,1.6010703991580613,6.487086964550972,407.7296556291241,D_HighDemand+MoreWorkers
322,401.60294066206916,0.0,7.34230598631472,408.9452466483839,D_HighDemand+MoreWorkers
324,403.52867794329245,0.3480244546924496,5.346984724652551,409.22368712263744,D_HighDemand+MoreWorkers
323,402.29235990150676,0.4613751374773756,7.363598674992673,410.1173337139768,D_HighDemand+MoreWorkers
327,406.8270229755211,2.1182236728627686,3.3704108512781987,412.3156574996621,D_HighDemand+MoreWorkers
329,408.620681832195,1.4966518817818155,3.745987922368276,413.86332163634506,D_HighDemand+MoreWorkers
325,404.8897742727319,1.9964145389592431,7.705317983840517,414.5915067955317,D_HighDemand+MoreWorkers
326,406.05047746993597,1.6791781591881545,7.110578226497152,414.84023385562125,D_HighDemand+MoreWorkers
328,407.40408805129647,1.8195990713409742,6.147228534759991,415.37091565739746,D_HighDemand+MoreWorkers
333,412.6021692704019,2.2380645852193766,4.128435685325173,418.96866954094645,D_HighDemand+MoreWorkers
331,410.3021566070117,3.561165029333381,6.031588256214814,419.8949098925599,D_HighDemand+MoreWorkers
330,409.72174299557287,2.5939145040892413,7.969590613551101,420.2852481132132,D_HighDemand+MoreWorkers
334,413.2798466137191,2.091069043678374,5.252572324443771,420.6234879818412,D_HighDemand+MoreWorkers
332,411.64641600263855,2.9450907928931542,6.9537041492170975,421.5452109447488,D_HighDemand+MoreWorkers
339,420.122772455651,1.4224384890978286,4.0551259765269645,425.60033692127575,D_HighDemand+MoreWorkers
336,416.2103705844037,3.684539308156218,6.105136605360743,426.00004649792066,D_HighDemand+MoreWorkers
335,414.92651178170837,4.04215775923808,7.95015630233399,426.91882584328044,D_HighDemand+MoreWorkers
337,417.37445209043267,2.9107960227805165,6.700446527422725,426.9856946406359,D_HighDemand+MoreWorkers
338,419.16470208917195,1.4587858926692547,7.7379510016268895,428.3614389834681,D_HighDemand+MoreWorkers
340,421.5372188240187,4.063118097257075,3.013378613014429,428.6137155342902,D_HighDemand+MoreWorkers
343,424.57512852861333,2.410566112022593,4.157381172780129,431.14307581341603,D_HighDemand+MoreWorkers
342,423.83954288854204,3.079282954738403,4.456296445155138,431.3751222884356,D_HighDemand+MoreWorkers
341,422.348900682754,3.6511458151666716,5.969055975597817,431.9691024735185,D_HighDemand+MoreWorkers
345,425.94844615445476,2.665269379835422,5.270156632035216,433.8838721663254,D_HighDemand+MoreWorkers
344,425.335848851103,3.025590132365096,6.514937790468586,434.87637677393667,D_HighDemand+MoreWorkers
347,428.6846354561999,2.690486832235706,6.125290035821109,437.5004123242567,D_HighDemand+MoreWorkers
346,427.1242017113813,4.018874102034715,6.939140133233657,438.0822159466497,D_HighDemand+MoreWorkers
348,430.21571283630675,1.7533896372117397,6.3059152142668395,438.27501768778535,D_HighDemand+MoreWorkers
349,432.1015794030306,1.7822927632947767,5.125694830521058,439.00956699684644,D_HighDemand+MoreWorkers
351,435.3189256587647,2.1814866654919456,3.3570491842790706,440.8574615085357,D_HighDemand+MoreWorkers
350,434.0020820906989,0.8742946832377925,6.238173617012404,441.1145503909491,D_HighDemand+MoreWorkers
352,437.1815428265836,0.9006731200660738,3.829613946103623,441.9118298927533,D_HighDemand+MoreWorkers
354,439.88290728498004,0.0,4.443052941529208,444.32596022650927,D_HighDemand+MoreWorkers
353,438.9214895660587,0.0,6.744788610348117,445.6662781764068,D_HighDemand+MoreWorkers
355,441.2367178589587,0.0,6.443389956060469,447.68010781501914,D_HighDemand+MoreWorkers
358,444.7235571393612,0.0,3.1993039209180654,447.9228610602793,D_HighDemand+MoreWorkers
357,443.4728488736843,0.0,5.468976096725422,448.94182497040975,D_HighDemand+MoreWorkers
356,441.92324834622076,0.0,7.713381203720203,449.63662954994095,D_HighDemand+MoreWorkers
359,445.3442199172102,0.32205825919663766,4.6116079167915,450.27788609319833,D_HighDemand+MoreWorkers
364,451.36696238616184,0.0,3.2011583657230807,454.5681207518849,D_HighDemand+MoreWorkers
361,447.3678147670693,0.5550462932099549,7.1797930695309065,455.10265412981016,D_HighDemand+MoreWorkers
360,446.4922629134513,1.1878449015678143,7.809555510964183,455.4896633259833,D_HighDemand+MoreWorkers
363,449.36760376084567,0.26902578909528074,6.3614079215161965,455.99803747145717,D_HighDemand+MoreWorkers
362,448.0048050970158,0.9370198733939787,7.753931389031762,456.69575635944153,D_HighDemand+MoreWorkers
365,452.27122892511244,2.2968918267724803,6.257547447168432,460.8256681990533,D_HighDemand+MoreWorkers
367,455.1113834056087,0.37827992037460945,5.926648126389272,461.4163114523726,D_HighDemand+MoreWorkers
368,455.88361712644337,0.11442034501379794,5.458629010955066,461.45666648241223,D_HighDemand+MoreWorkers
369,457.3357942056245,0.0,4.739805281473252,462.07559948709775,D_HighDemand+MoreWorkers
366,453.9056321707313,1.1970219590788815,7.580363939633838,462.683018069444,D_HighDemand+MoreWorkers
370,457.97265781506525,2.853010383988078,4.649018317894827,465.47468651694817,D_HighDemand+MoreWorkers
372,460.4778206698447,0.9788458125675561,4.441088976807279,465.8977554592195,D_HighDemand+MoreWorkers
371,458.9726204055629,2.443691046809704,6.468368369917163,467.8846798222898,D_HighDemand+MoreWorkers
373,462.2644203114452,0.0,7.067830173689863,469.33225048513503,D_HighDemand+MoreWorkers
374,464.18221062079,0.0,5.274129543008647,469.45634016379864,D_HighDemand+MoreWorkers
375,465.50735553424767,0.0,4.616368931379974,470.1237244656276,D_HighDemand+MoreWorkers
376,466.47913127000294,0.0,5.020875285003728,471.5000065550067,D_HighDemand+MoreWorkers
379,471.19279331843416,0.0,3.937912706972636,475.13070602540677,D_HighDemand+MoreWorkers
378,469.70630273870944,0.0,5.712967971785975,475.4192707104954,D_HighDemand+MoreWorkers
377,468.4344083602158,0.0,7.940596073908771,476.37500443412455,D_HighDemand+MoreWorkers
380,472.31266467463314,0.0,6.782215770277869,479.094880444911,D_HighDemand+MoreWorkers
